2018-10-16T14:00:00, Open, 6588.56000000, Close, 6613.13000000, EmaShort, 6608.62446220, EmaLong, 6488.30792350, Cross, +0, Pos, 0.00000000, NAV, 0.00000000, Cash, 1000000.00000000, Port, 1000000.00000000
2018-10-16T15:00:00, Open, 6613.13000000, Close, 6590.61000000, EmaShort, 6605.85300648, EmaLong, 6491.66208994, Cross, +0, Pos, 0.00000000, NAV, 0.00000000, Cash, 1000000.00000000, Port, 1000000.00000000
2018-10-16T16:00:00, Open, 6590.61000000, Close, 6598.80000000, EmaShort, 6604.76792856, EmaLong, 6495.17480830, Cross, +0, Pos, 0.00000000, NAV, 0.00000000, Cash, 1000000.00000000, Port, 1000000.00000000
2018-10-16T17:00:00, Open, 6598.80000000, Close, 6575.69000000, EmaShort, 6600.29440109, EmaLong, 6497.81465065, Cross, +0, Pos, 0.00000000, NAV, 0.00000000, Cash, 1000000.00000000, Port, 1000000.00000000
2018-10-16T18:00:00, Open, 6575.69000000, Close, 6576.54000000, EmaShort, 6596.63987785, EmaLong, 6500.39580965, Cross, +0, Pos, 0.00000000, NAV, 0.00000000, Cash, 1000000.00000000, Port, 1000000.00000000
2018-10-16T19:00:00, Open, 6576.54000000, Close, 6590.05000000, EmaShort, 6595.62605048, EmaLong, 6503.33529130, Cross, +0, Pos, 0.00000000, NAV, 0.00000000, Cash, 1000000.00000000, Port, 1000000.00000000
2018-10-16T20:00:00, Open, 6590.05000000, Close, 6576.81000000, EmaShort, 6592.73127349, EmaLong, 6505.74429814, Cross, +0, Pos, 0.00000000, NAV, 0.00000000, Cash, 1000000.00000000, Port, 1000000.00000000
2018-10-16T21:00:00, Open, 6576.81000000, Close, 6586.52000000, EmaShort, 6591.77569295, EmaLong, 6508.39268181, Cross, +0, Pos, 0.00000000, NAV, 0.00000000, Cash, 1000000.00000000, Port, 1000000.00000000
2018-10-16T22:00:00, Open, 6586.52000000, Close, 6585.04000000, EmaShort, 6590.73943250, EmaLong, 6510.90570864, Cross, +0, Pos, 0.00000000, NAV, 0.00000000, Cash, 1000000.00000000, Port, 1000000.00000000
2018-10-16T23:00:00, Open, 6585.04000000, Close, 6585.15000000, EmaShort, 6589.87951980, EmaLong, 6513.33994770, Cross, +0, Pos, 0.00000000, NAV, 0.00000000, Cash, 1000000.00000000, Port, 1000000.00000000
2018-10-17T00:00:00, Open, 6585.15000000, Close, 6596.11000000, EmaShort, 6590.83805522, EmaLong, 6516.05371990, Cross, +0, Pos, 0.00000000, NAV, 0.00000000, Cash, 1000000.00000000, Port, 1000000.00000000
2018-10-17T01:00:00, Open, 6596.11000000, Close, 6583.99000000, EmaShort, 6589.78450826, EmaLong, 6518.28113892, Cross, +0, Pos, 0.00000000, NAV, 0.00000000, Cash, 1000000.00000000, Port, 1000000.00000000
2018-10-17T02:00:00, Open, 6583.99000000, Close, 6587.59000000, EmaShort, 6589.44689161, EmaLong, 6520.55356060, Cross, +0, Pos, 0.00000000, NAV, 0.00000000, Cash, 1000000.00000000, Port, 1000000.00000000
2018-10-17T03:00:00, Open, 6587.59000000, Close, 6586.70000000, EmaShort, 6589.02429290, EmaLong, 6522.72229632, Cross, +0, Pos, 0.00000000, NAV, 0.00000000, Cash, 1000000.00000000, Port, 1000000.00000000
2018-10-17T04:00:00, Open, 6586.70000000, Close, 6589.44000000, EmaShort, 6589.08824784, EmaLong, 6524.90976201, Cross, +0, Pos, 0.00000000, NAV, 0.00000000, Cash, 1000000.00000000, Port, 1000000.00000000
2018-10-17T05:00:00, Open, 6589.44000000, Close, 6594.40000000, EmaShort, 6589.90544048, EmaLong, 6527.18813047, Cross, +0, Pos, 0.00000000, NAV, 0.00000000, Cash, 1000000.00000000, Port, 1000000.00000000
2018-10-17T06:00:00, Open, 6594.40000000, Close, 6591.27000000, EmaShort, 6590.11537271, EmaLong, 6529.28917537, Cross, +0, Pos, 0.00000000, NAV, 0.00000000, Cash, 1000000.00000000, Port, 1000000.00000000
2018-10-17T07:00:00, Open, 6591.27000000, Close, 6576.10000000, EmaShort, 6587.95916153, EmaLong, 6530.82395651, Cross, +0, Pos, 0.00000000, NAV, 0.00000000, Cash, 1000000.00000000, Port, 1000000.00000000
2018-10-17T08:00:00, Open, 6576.10000000, Close, 6575.16000000, EmaShort, 6585.99005975, EmaLong, 6532.27759728, Cross, +0, Pos, 0.00000000, NAV, 0.00000000, Cash, 1000000.00000000, Port, 1000000.00000000
2018-10-17T09:00:00, Open, 6575.16000000, Close, 6559.57000000, EmaShort, 6581.92543517, EmaLong, 6533.17243015, Cross, +0, Pos, 0.00000000, NAV, 0.00000000, Cash, 1000000.00000000, Port, 1000000.00000000
2018-10-17T10:00:00, Open, 6559.57000000, Close, 6540.71000000, EmaShort, 6575.58459899, EmaLong, 6533.41956359, Cross, +0, Pos, 0.00000000, NAV, 0.00000000, Cash, 1000000.00000000, Port, 1000000.00000000
2018-10-17T11:00:00, Open, 6540.71000000, Close, 6528.31000000, EmaShort, 6568.31158376, EmaLong, 6533.25203692, Cross, +0, Pos, 0.00000000, NAV, 0.00000000, Cash, 1000000.00000000, Port, 1000000.00000000
2018-10-17T12:00:00, Open, 6528.31000000, Close, 6538.23000000, EmaShort, 6563.68364780, EmaLong, 6533.41524882, Cross, +0, Pos, 0.00000000, NAV, 0.00000000, Cash, 1000000.00000000, Port, 1000000.00000000
2018-10-17T13:00:00, Open, 6538.23000000, Close, 6534.33000000, EmaShort, 6559.16770199, EmaLong, 6533.44524066, Cross, +0, Pos, 0.00000000, NAV, 0.00000000, Cash, 1000000.00000000, Port, 1000000.00000000
2018-10-17T14:00:00, Open, 6534.33000000, Close, 6517.99000000, EmaShort, 6552.83267091, EmaLong, 6532.93851146, Cross, +0, Pos, 0.00000000, NAV, 0.00000000, Cash, 1000000.00000000, Port, 1000000.00000000
2018-10-17T15:00:00, Open, 6517.99000000, Close, 6548.43000000, EmaShort, 6552.15533692, EmaLong, 6533.44642912, Cross, +0, Pos, 0.00000000, NAV, 0.00000000, Cash, 1000000.00000000, Port, 1000000.00000000
2018-10-17T16:00:00, Open, 6548.43000000, Close, 6552.08000000, EmaShort, 6552.14374663, EmaLong, 6534.05736587, Cross, +0, Pos, 0.00000000, NAV, 0.00000000, Cash, 1000000.00000000, Port, 1000000.00000000
2018-10-17T17:00:00, Open, 6552.08000000, Close, 6545.12000000, EmaShort, 6551.06317022, EmaLong, 6534.42007518, Cross, +0, Pos, 0.00000000, NAV, 0.00000000, Cash, 1000000.00000000, Port, 1000000.00000000
2018-10-17T18:00:00, Open, 6545.12000000, Close, 6552.84000000, EmaShort, 6551.33652865, EmaLong, 6535.02400714, Cross, +0, Pos, 0.00000000, NAV, 0.00000000, Cash, 1000000.00000000, Port, 1000000.00000000
2018-10-17T19:00:00, Open, 6552.84000000, Close, 6533.41000000, EmaShort, 6548.57860117, EmaLong, 6534.97108888, Cross, +0, Pos, 0.00000000, NAV, 0.00000000, Cash, 1000000.00000000, Port, 1000000.00000000
2018-10-17T20:00:00, Open, 6533.41000000, Close, 6530.12000000, EmaShort, 6545.73881637, EmaLong, 6534.81203678, Cross, +0, Pos, 0.00000000, NAV, 0.00000000, Cash, 1000000.00000000, Port, 1000000.00000000
2018-10-17T21:00:00, Open, 6530.12000000, Close, 6533.62000000, EmaShort, 6543.87438308, EmaLong, 6534.77295361, Cross, +0, Pos, 0.00000000, NAV, 0.00000000, Cash, 1000000.00000000, Port, 1000000.00000000
2018-10-17T22:00:00, Open, 6533.62000000, Close, 6544.61000000, EmaShort, 6543.98755492, EmaLong, 6535.09547972, Cross, +0, Pos, 0.00000000, NAV, 0.00000000, Cash, 1000000.00000000, Port, 1000000.00000000
2018-10-17T23:00:00, Open, 6544.61000000, Close, 6550.69000000, EmaShort, 6545.01870031, EmaLong, 6535.60677547, Cross, +0, Pos, 0.00000000, NAV, 0.00000000, Cash, 1000000.00000000, Port, 1000000.00000000
2018-10-18T00:00:00, Open, 6550.69000000, Close, 6544.43000000, EmaShort, 6544.92813104, EmaLong, 6535.89606152, Cross, +0, Pos, 0.00000000, NAV, 0.00000000, Cash, 1000000.00000000, Port, 1000000.00000000
2018-10-18T01:00:00, Open, 6544.43000000, Close, 6546.77000000, EmaShort, 6545.21149549, EmaLong, 6536.25258409, Cross, +0, Pos, 0.00000000, NAV, 0.00000000, Cash, 1000000.00000000, Port, 1000000.00000000
2018-10-18T02:00:00, Open, 6546.77000000, Close, 6536.78000000, EmaShort, 6543.91434234, EmaLong, 6536.26987642, Cross, +0, Pos, 0.00000000, NAV, 0.00000000, Cash, 1000000.00000000, Port, 1000000.00000000
2018-10-18T03:00:00, Open, 6536.78000000, Close, 6543.05000000, EmaShort, 6543.78136659, EmaLong, 6536.49217555, Cross, +0, Pos, 0.00000000, NAV, 0.00000000, Cash, 1000000.00000000, Port, 1000000.00000000
2018-10-18T04:00:00, Open, 6543.05000000, Close, 6563.20000000, EmaShort, 6546.76884866, EmaLong, 6537.36784193, Cross, +0, Pos, 0.00000000, NAV, 0.00000000, Cash, 1000000.00000000, Port, 1000000.00000000
2018-10-18T05:00:00, Open, 6563.20000000, Close, 6563.68000000, EmaShort, 6549.37056425, EmaLong, 6538.23053563, Cross, +0, Pos, 0.00000000, NAV, 0.00000000, Cash, 1000000.00000000, Port, 1000000.00000000
2018-10-18T06:00:00, Open, 6563.68000000, Close, 6551.01000000, EmaShort, 6549.62278513, EmaLong, 6538.64953446, Cross, +0, Pos, 0.00000000, NAV, 0.00000000, Cash, 1000000.00000000, Port, 1000000.00000000
2018-10-18T07:00:00, Open, 6551.01000000, Close, 6543.47000000, EmaShort, 6548.67620280, EmaLong, 6538.80758251, Cross, +0, Pos, 0.00000000, NAV, 0.00000000, Cash, 1000000.00000000, Port, 1000000.00000000
2018-10-18T08:00:00, Open, 6543.47000000, Close, 6545.70000000, EmaShort, 6548.21832545, EmaLong, 6539.03356342, Cross, +0, Pos, 0.00000000, NAV, 0.00000000, Cash, 1000000.00000000, Port, 1000000.00000000
2018-10-18T09:00:00, Open, 6545.70000000, Close, 6538.06000000, EmaShort, 6546.65550615, EmaLong, 6539.00164330, Cross, +0, Pos, 0.00000000, NAV, 0.00000000, Cash, 1000000.00000000, Port, 1000000.00000000
2018-10-18T10:00:00, Open, 6538.06000000, Close, 6534.79000000, EmaShort, 6544.83004367, EmaLong, 6538.86355664, Cross, +0, Pos, 0.00000000, NAV, 0.00000000, Cash, 1000000.00000000, Port, 1000000.00000000
2018-10-18T11:00:00, Open, 6534.79000000, Close, 6538.05000000, EmaShort, 6543.78696002, EmaLong, 6538.83688265, Cross, +0, Pos, 0.00000000, NAV, 0.00000000, Cash, 1000000.00000000, Port, 1000000.00000000
2018-10-18T12:00:00, Open, 6538.05000000, Close, 6536.43000000, EmaShort, 6542.65512002, EmaLong, 6538.75796846, Cross, +0, Pos, 0.00000000, NAV, 0.00000000, Cash, 1000000.00000000, Port, 1000000.00000000
2018-10-18T13:00:00, Open, 6536.43000000, Close, 6543.39000000, EmaShort, 6542.76817848, EmaLong, 6538.90983835, Cross, +0, Pos, 0.00000000, NAV, 0.00000000, Cash, 1000000.00000000, Port, 1000000.00000000
2018-10-18T14:00:00, Open, 6543.39000000, Close, 6541.90000000, EmaShort, 6542.63461256, EmaLong, 6539.00787644, Cross, +0, Pos, 0.00000000, NAV, 0.00000000, Cash, 1000000.00000000, Port, 1000000.00000000
2018-10-18T15:00:00, Open, 6541.90000000, Close, 6535.29000000, EmaShort, 6541.50467217, EmaLong, 6538.88597885, Cross, +0, Pos, 0.00000000, NAV, 0.00000000, Cash, 1000000.00000000, Port, 1000000.00000000
2018-10-18T16:00:00, Open, 6535.29000000, Close, 6540.91000000, EmaShort, 6541.41318414, EmaLong, 6538.95234020, Cross, +0, Pos, 0.00000000, NAV, 0.00000000, Cash, 1000000.00000000, Port, 1000000.00000000
2018-10-18T17:00:00, Open, 6540.91000000, Close, 6533.93000000, EmaShort, 6540.26192504, EmaLong, 6538.78767331, Cross, +0, Pos, 0.00000000, NAV, 0.00000000, Cash, 1000000.00000000, Port, 1000000.00000000
2018-10-18T18:00:00, Open, 6533.93000000, Close, 6511.21000000, EmaShort, 6535.79239811, EmaLong, 6537.88348730, Cross, -1, Pos, 0.00000000, NAV, 0.00000000, Cash, 1000000.00000000, Port, 1000000.00000000
2018-10-18T19:00:00, ORDER Accepted: SELL -138.43427755765020492618 @ 6501.28000000 = -900000.00000000011641532183
2018-10-18T19:00:00, ORDER Completed: SELL -138.43427755765020492618 @ 6511.21000000 = -901374.65237614756915718317 Pos -138.43427756 NAV -900000.00000000 Cash 1901374.65237615 Port 1001374.65237615
2018-10-18T19:00:00, Open, 6511.21000000, Close, 6501.28000000, EmaShort, 6530.48279840, EmaLong, 6536.68337296, Cross, +0, Pos, -138.43427756, NAV, -900000.00000000, Cash, 1901374.65237615, Port, 1001374.65237615
2018-10-18T20:00:00, Open, 6501.28000000, Close, 6499.28000000, EmaShort, 6525.68236788, EmaLong, 6535.45703286, Cross, +0, Pos, -138.43427756, NAV, -899723.13144488, Cash, 1901374.65237615, Port, 1001651.52093126
2018-10-18T21:00:00, Open, 6499.28000000, Close, 6494.69000000, EmaShort, 6520.91431128, EmaLong, 6534.12040883, Cross, +0, Pos, -138.43427756, NAV, -899087.71811090, Cash, 1901374.65237615, Port, 1002286.93426525
2018-10-18T22:00:00, Open, 6494.69000000, Close, 6488.54000000, EmaShort, 6515.93364801, EmaLong, 6532.62596920, Cross, +0, Pos, -138.43427756, NAV, -898236.34730392, Cash, 1901374.65237615, Port, 1003138.30507223
2018-10-18T23:00:00, Open, 6488.54000000, Close, 6462.43000000, EmaShort, 6507.70231755, EmaLong, 6530.32446201, Cross, +0, Pos, -138.43427756, NAV, -894621.82831689, Cash, 1901374.65237615, Port, 1006752.82405926
2018-10-19T00:00:00, Open, 6462.43000000, Close, 6476.71000000, EmaShort, 6502.93426869, EmaLong, 6528.56661080, Cross, +0, Pos, -138.43427756, NAV, -896598.66980041, Cash, 1901374.65237615, Port, 1004775.98257574
2018-10-19T01:00:00, Open, 6476.71000000, Close, 6487.52000000, EmaShort, 6500.56284274, EmaLong, 6527.22082028, Cross, +0, Pos, -138.43427756, NAV, -898095.14434081, Cash, 1901374.65237615, Port, 1003279.50803534
2018-10-19T02:00:00, Open, 6487.52000000, Close, 6475.33000000, EmaShort, 6496.68086693, EmaLong, 6525.51948191, Cross, +0, Pos, -138.43427756, NAV, -896407.63049738, Cash, 1901374.65237615, Port, 1004967.02187877
2018-10-19T03:00:00, Open, 6475.33000000, Close, 6491.48000000, EmaShort, 6495.88073356, EmaLong, 6524.40343332, Cross, +0, Pos, -138.43427756, NAV, -898643.34407994, Cash, 1901374.65237615, Port, 1002731.30829621
2018-10-19T04:00:00, Open, 6491.48000000, Close, 6477.15000000, EmaShort, 6492.99908224, EmaLong, 6522.85414043, Cross, +0, Pos, -138.43427756, NAV, -896659.58088253, Cash, 1901374.65237615, Port, 1004715.07149361
2018-10-19T05:00:00, Open, 6477.15000000, Close, 6485.09000000, EmaShort, 6491.78230036, EmaLong, 6521.61597189, Cross, +0, Pos, -138.43427756, NAV, -897758.74904634, Cash, 1901374.65237615, Port, 1003615.90332981
2018-10-19T06:00:00, Open, 6485.09000000, Close, 6467.48000000, EmaShort, 6488.04348492, EmaLong, 6519.84102199, Cross, +0, Pos, -138.43427756, NAV, -895320.92141855, Cash, 1901374.65237615, Port, 1006053.73095760
2018-10-19T07:00:00, Open, 6467.48000000, Close, 6455.41000000, EmaShort, 6483.02294878, EmaLong, 6517.72852947, Cross, +0, Pos, -138.43427756, NAV, -893650.01968843, Cash, 1901374.65237615, Port, 1007724.63268772
2018-10-19T08:00:00, Open, 6455.41000000, Close, 6459.25000000, EmaShort, 6479.36557204, EmaLong, 6515.81120063, Cross, +0, Pos, -138.43427756, NAV, -894181.60731425, Cash, 1901374.65237615, Port, 1007193.04506190
2018-10-19T09:00:00, Open, 6459.25000000, Close, 6466.65000000, EmaShort, 6477.40933019, EmaLong, 6514.19935799, Cross, +0, Pos, -138.43427756, NAV, -895206.02096818, Cash, 1901374.65237615, Port, 1006168.63140797
2018-10-19T10:00:00, Open, 6466.65000000, Close, 6468.71000000, EmaShort, 6476.07097170, EmaLong, 6512.70790363, Cross, +0, Pos, -138.43427756, NAV, -895491.19557995, Cash, 1901374.65237615, Port, 1005883.45679620
2018-10-19T11:00:00, Open, 6468.71000000, Close, 6466.32000000, EmaShort, 6474.57082221, EmaLong, 6511.18698876, Cross, +0, Pos, -138.43427756, NAV, -895160.33765658, Cash, 1901374.65237615, Port, 1006214.31471956
2018-10-19T12:00:00, Open, 6466.32000000, Close, 6462.89000000, EmaShort, 6472.77377264, EmaLong, 6509.60348093, Cross, +0, Pos, -138.43427756, NAV, -894685.50808456, Cash, 1901374.65237615, Port, 1006689.14429159
2018-10-19T13:00:00, Open, 6462.89000000, Close, 6453.14000000, EmaShort, 6469.75319223, EmaLong, 6507.75221926, Cross, +0, Pos, -138.43427756, NAV, -893335.77387837, Cash, 1901374.65237615, Port, 1008038.87849777
2018-10-19T14:00:00, Open, 6453.14000000, Close, 6454.92000000, EmaShort, 6467.47116266, EmaLong, 6506.02001535, Cross, +0, Pos, -138.43427756, NAV, -893582.18689243, Cash, 1901374.65237615, Port, 1007792.46548372
2018-10-19T15:00:00, Open, 6454.92000000, Close, 6452.63000000, EmaShort, 6465.18790686, EmaLong, 6504.26952304, Cross, +0, Pos, -138.43427756, NAV, -893265.17239682, Cash, 1901374.65237615, Port, 1008109.47997933
2018-10-19T16:00:00, Open, 6452.63000000, Close, 6458.26000000, EmaShort, 6464.12207504, EmaLong, 6502.76101409, Cross, +0, Pos, -138.43427756, NAV, -894044.55737947, Cash, 1901374.65237615, Port, 1007330.09499668
2018-10-19T17:00:00, Open, 6458.26000000, Close, 6467.16000000, EmaShort, 6464.58944811, EmaLong, 6501.59376773, Cross, +0, Pos, -138.43427756, NAV, -895276.62244973, Cash, 1901374.65237615, Port, 1006098.02992641
2018-10-19T18:00:00, Open, 6467.16000000, Close, 6466.02000000, EmaShort, 6464.80953302, EmaLong, 6500.42741469, Cross, +0, Pos, -138.43427756, NAV, -895118.80737332, Cash, 1901374.65237615, Port, 1006255.84500283
2018-10-19T19:00:00, Open, 6466.02000000, Close, 6471.21000000, EmaShort, 6465.79422024, EmaLong, 6499.46946666, Cross, +0, Pos, -138.43427756, NAV, -895837.28127384, Cash, 1901374.65237615, Port, 1005537.37110231
2018-10-19T20:00:00, Open, 6471.21000000, Close, 6458.18000000, EmaShort, 6464.62280174, EmaLong, 6498.11571366, Cross, +0, Pos, -138.43427756, NAV, -894033.48263727, Cash, 1901374.65237615, Port, 1007341.16973888
2018-10-19T21:00:00, Open, 6458.18000000, Close, 6462.72000000, EmaShort, 6464.33006301, EmaLong, 6496.95519846, Cross, +0, Pos, -138.43427756, NAV, -894661.97425738, Cash, 1901374.65237615, Port, 1006712.67811877
2018-10-19T22:00:00, Open, 6462.72000000, Close, 6467.27000000, EmaShort, 6464.78236101, EmaLong, 6495.98191326, Cross, +0, Pos, -138.43427756, NAV, -895291.85022026, Cash, 1901374.65237615, Port, 1006082.80215588
2018-10-19T23:00:00, Open, 6467.27000000, Close, 6472.01000000, EmaShort, 6465.89430547, EmaLong, 6495.19594889, Cross, +0, Pos, -138.43427756, NAV, -895948.02869589, Cash, 1901374.65237615, Port, 1005426.62368026
2018-10-20T00:00:00, Open, 6472.01000000, Close, 6465.41000000, EmaShort, 6465.81979694, EmaLong, 6494.21936040, Cross, +0, Pos, -138.43427756, NAV, -895034.36246401, Cash, 1901374.65237615, Port, 1006340.28991214
2018-10-20T01:00:00, Open, 6465.41000000, Close, 6452.72000000, EmaShort, 6463.80444356, EmaLong, 6492.85872564, Cross, +0, Pos, -138.43427756, NAV, -893277.63148180, Cash, 1901374.65237615, Port, 1008097.02089435
2018-10-20T02:00:00, Open, 6452.72000000, Close, 6453.18000000, EmaShort, 6462.16991378, EmaLong, 6491.55778381, Cross, +0, Pos, -138.43427756, NAV, -893341.31124948, Cash, 1901374.65237615, Port, 1008033.34112667
2018-10-20T03:00:00, Open, 6453.18000000, Close, 6475.15000000, EmaShort, 6464.16685012, EmaLong, 6491.01982369, Cross, +0, Pos, -138.43427756, NAV, -896382.71232742, Cash, 1901374.65237615, Port, 1004991.94004873
2018-10-20T04:00:00, Open, 6475.15000000, Close, 6475.48000000, EmaShort, 6465.90733472, EmaLong, 6490.51032127, Cross, +0, Pos, -138.43427756, NAV, -896428.39563901, Cash, 1901374.65237615, Port, 1004946.25673713
2018-10-20T05:00:00, Open, 6475.48000000, Close, 6466.18000000, EmaShort, 6465.94928323, EmaLong, 6489.71260582, Cross, +0, Pos, -138.43427756, NAV, -895140.95685773, Cash, 1901374.65237615, Port, 1006233.69551842
2018-10-20T06:00:00, Open, 6466.18000000, Close, 6465.78000000, EmaShort, 6465.92323965, EmaLong, 6488.92793022, Cross, +0, Pos, -138.43427756, NAV, -895085.58314670, Cash, 1901374.65237615, Port, 1006289.06922944
2018-10-20T07:00:00, Open, 6465.78000000, Close, 6471.12000000, EmaShort, 6466.72274124, EmaLong, 6488.34406365, Cross, +0, Pos, -138.43427756, NAV, -895824.82218886, Cash, 1901374.65237615, Port, 1005549.83018729
2018-10-20T08:00:00, Open, 6471.12000000, Close, 6484.50000000, EmaShort, 6469.45770413, EmaLong, 6488.21802878, Cross, +0, Pos, -138.43427756, NAV, -897677.07282258, Cash, 1901374.65237615, Port, 1003697.57955356
2018-10-20T09:00:00, Open, 6484.50000000, Close, 6484.41000000, EmaShort, 6471.75805734, EmaLong, 6488.09317538, Cross, +0, Pos, -138.43427756, NAV, -897664.61373760, Cash, 1901374.65237615, Port, 1003710.03863854
2018-10-20T10:00:00, Open, 6484.41000000, Close, 6496.89000000, EmaShort, 6475.62451006, EmaLong, 6488.38159586, Cross, +0, Pos, -138.43427756, NAV, -899392.27352152, Cash, 1901374.65237615, Port, 1001982.37885463
2018-10-20T11:00:00, Open, 6496.89000000, Close, 6491.40000000, EmaShort, 6478.05150851, EmaLong, 6488.48055993, Cross, +0, Pos, -138.43427756, NAV, -898632.26933773, Cash, 1901374.65237615, Port, 1002742.38303842
2018-10-20T12:00:00, Open, 6491.40000000, Close, 6490.38000000, EmaShort, 6479.94819951, EmaLong, 6488.54283665, Cross, +0, Pos, -138.43427756, NAV, -898491.06637462, Cash, 1901374.65237615, Port, 1002883.58600153
2018-10-20T13:00:00, Open, 6490.38000000, Close, 6474.40000000, EmaShort, 6479.09463035, EmaLong, 6488.07913709, Cross, +0, Pos, -138.43427756, NAV, -896278.88661925, Cash, 1901374.65237615, Port, 1005095.76575690
2018-10-20T14:00:00, Open, 6474.40000000, Close, 6485.98000000, EmaShort, 6480.15391799, EmaLong, 6488.01031292, Cross, +0, Pos, -138.43427756, NAV, -897881.95555337, Cash, 1901374.65237615, Port, 1003492.69682278
2018-10-20T15:00:00, Open, 6485.98000000, Close, 6477.10000000, EmaShort, 6479.68408445, EmaLong, 6487.65259774, Cross, +0, Pos, -138.43427756, NAV, -896652.65916866, Cash, 1901374.65237615, Port, 1004721.99320749
2018-10-20T16:00:00, Open, 6477.10000000, Close, 6483.82000000, EmaShort, 6480.32037915, EmaLong, 6487.52693880, Cross, +0, Pos, -138.43427756, NAV, -897582.93751384, Cash, 1901374.65237615, Port, 1003791.71486230
2018-10-20T17:00:00, Open, 6483.82000000, Close, 6480.91000000, EmaShort, 6480.41109005, EmaLong, 6487.30998999, Cross, +0, Pos, -138.43427756, NAV, -897180.09376615, Cash, 1901374.65237615, Port, 1004194.55861000
2018-10-20T18:00:00, Open, 6480.91000000, Close, 6466.90000000, EmaShort, 6478.33246081, EmaLong, 6486.64080999, Cross, +0, Pos, -138.43427756, NAV, -895240.62953757, Cash, 1901374.65237615, Port, 1006134.02283858
2018-10-20T19:00:00, Open, 6466.90000000, Close, 6474.54000000, EmaShort, 6477.74900530, EmaLong, 6486.24406212, Cross, +0, Pos, -138.43427756, NAV, -896298.26741811, Cash, 1901374.65237615, Port, 1005076.38495804
2018-10-20T20:00:00, Open, 6474.54000000, Close, 6475.50000000, EmaShort, 6477.40300449, EmaLong, 6485.89179779, Cross, +0, Pos, -138.43427756, NAV, -896431.16432456, Cash, 1901374.65237615, Port, 1004943.48805158
2018-10-20T21:00:00, Open, 6475.50000000, Close, 6471.60000000, EmaShort, 6476.51023457, EmaLong, 6485.42321425, Cross, +0, Pos, -138.43427756, NAV, -895891.27064209, Cash, 1901374.65237615, Port, 1005483.38173406
2018-10-20T22:00:00, Open, 6471.60000000, Close, 6481.01000000, EmaShort, 6477.20250617, EmaLong, 6485.27851871, Cross, +0, Pos, -138.43427756, NAV, -897193.93719391, Cash, 1901374.65237615, Port, 1004180.71518224
2018-10-20T23:00:00, Open, 6481.01000000, Close, 6473.58000000, EmaShort, 6476.64519753, EmaLong, 6484.89496071, Cross, +0, Pos, -138.43427756, NAV, -896165.37051165, Cash, 1901374.65237615, Port, 1005209.28186449
2018-10-21T00:00:00, Open, 6473.58000000, Close, 6489.19000000, EmaShort, 6478.57516714, EmaLong, 6485.03578167, Cross, +0, Pos, -138.43427756, NAV, -898326.32958433, Cash, 1901374.65237615, Port, 1003048.32279182
2018-10-21T01:00:00, Open, 6489.19000000, Close, 6480.69000000, EmaShort, 6478.90052604, EmaLong, 6484.89329703, Cross, +0, Pos, -138.43427756, NAV, -897149.63822509, Cash, 1901374.65237615, Port, 1004225.01415106
2018-10-21T02:00:00, Open, 6480.69000000, Close, 6508.32000000, EmaShort, 6483.42659896, EmaLong, 6485.66138565, Cross, +0, Pos, -138.43427756, NAV, -900974.57731401, Cash, 1901374.65237615, Port, 1000400.07506214
2018-10-21T03:00:00, Open, 6508.32000000, Close, 6511.71000000, EmaShort, 6487.77789143, EmaLong, 6486.51543858, Cross, +1, Pos, -138.43427756, NAV, -901443.86951493, Cash, 1901374.65237615, Port, 999930.78286122
2018-10-21T04:00:00, ORDER Accepted: BUY 414.65811907467644914504 @ 6521.97000000 = 2704387.81286146771162748337
2018-10-21T04:00:00, TRADE Closed: Profit Gross -69.22 Net -69.22
2018-10-21T04:00:00, ** ERROR ** Order Not Executed Due To Margin
2018-10-21T04:00:00, Open, 6511.71000000, Close, 6521.97000000, EmaShort, 6493.03821582, EmaLong, 6487.67788322, Cross, +0, Pos, 0.00000000, NAV, 0.00000000, Cash, 999930.78286122, Port, 999930.78286122
2018-10-21T05:00:00, Open, 6521.97000000, Close, 6506.02000000, EmaShort, 6495.03541339, EmaLong, 6488.27926410, Cross, +0, Pos, 0.00000000, NAV, 0.00000000, Cash, 999930.78286122, Port, 999930.78286122
2018-10-21T06:00:00, Open, 6506.02000000, Close, 6505.09000000, EmaShort, 6496.58227287, EmaLong, 6488.83043577, Cross, +0, Pos, 0.00000000, NAV, 0.00000000, Cash, 999930.78286122, Port, 999930.78286122
2018-10-21T07:00:00, Open, 6505.09000000, Close, 6521.63000000, EmaShort, 6500.43576935, EmaLong, 6489.90583131, Cross, +0, Pos, 0.00000000, NAV, 0.00000000, Cash, 999930.78286122, Port, 999930.78286122
2018-10-21T08:00:00, Open, 6521.63000000, Close, 6518.06000000, EmaShort, 6503.14718945, EmaLong, 6490.82891881, Cross, +0, Pos, 0.00000000, NAV, 0.00000000, Cash, 999930.78286122, Port, 999930.78286122
2018-10-21T09:00:00, Open, 6518.06000000, Close, 6515.34000000, EmaShort, 6505.02300646, EmaLong, 6491.63256082, Cross, +0, Pos, 0.00000000, NAV, 0.00000000, Cash, 999930.78286122, Port, 999930.78286122
2018-10-21T10:00:00, Open, 6515.34000000, Close, 6525.96000000, EmaShort, 6508.24408239, EmaLong, 6492.75805063, Cross, +0, Pos, 0.00000000, NAV, 0.00000000, Cash, 999930.78286122, Port, 999930.78286122
2018-10-21T11:00:00, Open, 6525.96000000, Close, 6553.73000000, EmaShort, 6515.24191587, EmaLong, 6494.75713093, Cross, +0, Pos, 0.00000000, NAV, 0.00000000, Cash, 999930.78286122, Port, 999930.78286122
2018-10-21T12:00:00, Open, 6553.73000000, Close, 6543.58000000, EmaShort, 6519.60162112, EmaLong, 6496.35788074, Cross, +0, Pos, 0.00000000, NAV, 0.00000000, Cash, 999930.78286122, Port, 999930.78286122
2018-10-21T13:00:00, Open, 6543.58000000, Close, 6545.37000000, EmaShort, 6523.56598710, EmaLong, 6497.96483547, Cross, +0, Pos, 0.00000000, NAV, 0.00000000, Cash, 999930.78286122, Port, 999930.78286122
2018-10-21T14:00:00, Open, 6545.37000000, Close, 6555.81000000, EmaShort, 6528.52660447, EmaLong, 6499.86139824, Cross, +0, Pos, 0.00000000, NAV, 0.00000000, Cash, 999930.78286122, Port, 999930.78286122
2018-10-21T15:00:00, Open, 6555.81000000, Close, 6542.26000000, EmaShort, 6530.63943455, EmaLong, 6501.25151633, Cross, +0, Pos, 0.00000000, NAV, 0.00000000, Cash, 999930.78286122, Port, 999930.78286122
2018-10-21T16:00:00, Open, 6542.26000000, Close, 6522.63000000, EmaShort, 6529.40721385, EmaLong, 6501.95245022, Cross, +0, Pos, 0.00000000, NAV, 0.00000000, Cash, 999930.78286122, Port, 999930.78286122
2018-10-21T17:00:00, Open, 6522.63000000, Close, 6532.84000000, EmaShort, 6529.93533480, EmaLong, 6502.96515677, Cross, +0, Pos, 0.00000000, NAV, 0.00000000, Cash, 999930.78286122, Port, 999930.78286122
2018-10-21T18:00:00, Open, 6532.84000000, Close, 6512.64000000, EmaShort, 6527.27451406, EmaLong, 6503.28236475, Cross, +0, Pos, 0.00000000, NAV, 0.00000000, Cash, 999930.78286122, Port, 999930.78286122
2018-10-21T19:00:00, Open, 6512.64000000, Close, 6534.47000000, EmaShort, 6528.38151190, EmaLong, 6504.30491017, Cross, +0, Pos, 0.00000000, NAV, 0.00000000, Cash, 999930.78286122, Port, 999930.78286122
2018-10-21T20:00:00, Open, 6534.47000000, Close, 6514.37000000, EmaShort, 6526.22589468, EmaLong, 6504.63491311, Cross, +0, Pos, 0.00000000, NAV, 0.00000000, Cash, 999930.78286122, Port, 999930.78286122
2018-10-21T21:00:00, Open, 6514.37000000, Close, 6527.89000000, EmaShort, 6526.48191088, EmaLong, 6505.39737498, Cross, +0, Pos, 0.00000000, NAV, 0.00000000, Cash, 999930.78286122, Port, 999930.78286122
2018-10-21T22:00:00, Open, 6527.89000000, Close, 6519.89000000, EmaShort, 6525.46777075, EmaLong, 6505.87254301, Cross, +0, Pos, 0.00000000, NAV, 0.00000000, Cash, 999930.78286122, Port, 999930.78286122
2018-10-21T23:00:00, Open, 6519.89000000, Close, 6520.73000000, EmaShort, 6524.73888294, EmaLong, 6506.35967275, Cross, +0, Pos, 0.00000000, NAV, 0.00000000, Cash, 999930.78286122, Port, 999930.78286122
2018-10-22T00:00:00, Open, 6520.73000000, Close, 6482.35000000, EmaShort, 6518.21751633, EmaLong, 6505.57247036, Cross, +0, Pos, 0.00000000, NAV, 0.00000000, Cash, 999930.78286122, Port, 999930.78286122
2018-10-22T01:00:00, Open, 6482.35000000, Close, 6474.21000000, EmaShort, 6511.44712921, EmaLong, 6504.54419264, Cross, +0, Pos, 0.00000000, NAV, 0.00000000, Cash, 999930.78286122, Port, 999930.78286122
2018-10-22T02:00:00, Open, 6474.21000000, Close, 6502.42000000, EmaShort, 6510.05834010, EmaLong, 6504.47454698, Cross, +0, Pos, 0.00000000, NAV, 0.00000000, Cash, 999930.78286122, Port, 999930.78286122
2018-10-22T03:00:00, Open, 6502.42000000, Close, 6497.00000000, EmaShort, 6508.04936470, EmaLong, 6504.22947987, Cross, +0, Pos, 0.00000000, NAV, 0.00000000, Cash, 999930.78286122, Port, 999930.78286122
2018-10-22T04:00:00, Open, 6497.00000000, Close, 6495.36000000, EmaShort, 6506.09715474, EmaLong, 6503.93867725, Cross, +0, Pos, 0.00000000, NAV, 0.00000000, Cash, 999930.78286122, Port, 999930.78286122
2018-10-22T05:00:00, Open, 6495.36000000, Close, 6501.23000000, EmaShort, 6505.34836171, EmaLong, 6503.84986816, Cross, +0, Pos, 0.00000000, NAV, 0.00000000, Cash, 999930.78286122, Port, 999930.78286122
2018-10-22T06:00:00, Open, 6501.23000000, Close, 6492.90000000, EmaShort, 6503.43322914, EmaLong, 6503.49085609, Cross, -1, Pos, 0.00000000, NAV, 0.00000000, Cash, 999930.78286122, Port, 999930.78286122
2018-10-22T07:00:00, ORDER Accepted: SELL -138.36786946011255849953 @ 6503.95000000 = -899937.70457509905099868774
2018-10-22T07:00:00, ORDER Completed: SELL -138.36786946011255849953 @ 6492.90000000 = -898408.73961756483186036348 Pos -138.36786946 NAV -899937.70457510 Cash 1898339.52247879 Port 998401.81790369
2018-10-22T07:00:00, Open, 6492.90000000, Close, 6503.95000000, EmaShort, 6503.51273235, EmaLong, 6503.50590999, Cross, +1, Pos, -138.36786946, NAV, -899937.70457510, Cash, 1898339.52247879, Port, 998401.81790369
2018-10-22T08:00:00, ORDER Accepted: BUY 415.47330207263081547353 @ 6489.59000000 = 2696251.38639752427116036415
2018-10-22T08:00:00, TRADE Closed: Profit Gross -1528.96 Net -1528.96
2018-10-22T08:00:00, ** ERROR ** Order Not Executed Due To Margin
2018-10-22T08:00:00, Open, 6503.95000000, Close, 6489.59000000, EmaShort, 6501.37077352, EmaLong, 6503.04965065, Cross, -1, Pos, 0.00000000, NAV, 0.00000000, Cash, 998401.81790369, Port, 998401.81790369
2018-10-22T09:00:00, ORDER Accepted: SELL -138.80765469207486262349 @ 6473.43000000 = -898561.63611331826541572809
2018-10-22T09:00:00, ORDER Completed: SELL -138.80765469207486262349 @ 6489.59000000 = -900804.76781314215622842312 Pos -138.80765469 NAV -898561.63611332 Cash 1899206.58571683 Port 1000644.94960351
2018-10-22T09:00:00, Open, 6489.59000000, Close, 6473.43000000, EmaShort, 6497.07219298, EmaLong, 6502.07851456, Cross, +0, Pos, -138.80765469, NAV, -898561.63611332, Cash, 1899206.58571683, Port, 1000644.94960351
2018-10-22T10:00:00, Open, 6473.43000000, Close, 6469.11000000, EmaShort, 6492.77031714, EmaLong, 6500.99757965, Cross, +0, Pos, -138.80765469, NAV, -897961.98704505, Cash, 1899206.58571683, Port, 1001244.59867178
2018-10-22T11:00:00, Open, 6469.11000000, Close, 6465.08000000, EmaShort, 6488.51026835, EmaLong, 6499.81995409, Cross, +0, Pos, -138.80765469, NAV, -897402.59219664, Cash, 1899206.58571683, Port, 1001803.99352019
2018-10-22T12:00:00, Open, 6465.08000000, Close, 6488.60000000, EmaShort, 6488.52407322, EmaLong, 6499.45208675, Cross, +0, Pos, -138.80765469, NAV, -900667.34823500, Cash, 1899206.58571683, Port, 998539.23748183
2018-10-22T13:00:00, Open, 6488.60000000, Close, 6515.88000000, EmaShort, 6492.73267734, EmaLong, 6499.99070685, Cross, +0, Pos, -138.80765469, NAV, -904454.02105500, Cash, 1899206.58571683, Port, 994752.56466183
2018-10-22T14:00:00, Open, 6515.88000000, Close, 6513.77000000, EmaShort, 6495.96918852, EmaLong, 6500.44248696, Cross, +0, Pos, -138.80765469, NAV, -904161.13690360, Cash, 1899206.58571683, Port, 995045.44881323
2018-10-22T15:00:00, Open, 6513.77000000, Close, 6499.30000000, EmaShort, 6496.48162105, EmaLong, 6500.40502837, Cross, +0, Pos, -138.80765469, NAV, -902152.59014020, Cash, 1899206.58571683, Port, 997053.99557663
2018-10-22T16:00:00, Open, 6499.30000000, Close, 6494.35000000, EmaShort, 6496.15367935, EmaLong, 6500.20650285, Cross, +0, Pos, -138.80765469, NAV, -901465.49224948, Cash, 1899206.58571683, Port, 997741.09346735
2018-10-22T17:00:00, Open, 6494.35000000, Close, 6483.43000000, EmaShort, 6494.19619022, EmaLong, 6499.65645357, Cross, +0, Pos, -138.80765469, NAV, -899949.71266024, Cash, 1899206.58571683, Port, 999256.87305659
2018-10-22T18:00:00, Open, 6483.43000000, Close, 6474.88000000, EmaShort, 6491.22446865, EmaLong, 6498.84411083, Cross, +0, Pos, -138.80765469, NAV, -898762.90721262, Cash, 1899206.58571683, Port, 1000443.67850421
2018-10-22T19:00:00, Open, 6474.88000000, Close, 6475.52000000, EmaShort, 6488.80839655, EmaLong, 6498.07938589, Cross, +0, Pos, -138.80765469, NAV, -898851.74411162, Cash, 1899206.58571683, Port, 1000354.84160520
2018-10-22T20:00:00, Open, 6475.52000000, Close, 6482.76000000, EmaShort, 6487.87787400, EmaLong, 6497.57711094, Cross, +0, Pos, -138.80765469, NAV, -899856.71153160, Cash, 1899206.58571683, Port, 999349.87418523
2018-10-22T21:00:00, Open, 6482.76000000, Close, 6488.76000000, EmaShort, 6488.01358569, EmaLong, 6497.28802534, Cross, +0, Pos, -138.80765469, NAV, -900689.55745975, Cash, 1899206.58571683, Port, 998517.02825708
2018-10-22T22:00:00, Open, 6488.76000000, Close, 6488.96000000, EmaShort, 6488.15918790, EmaLong, 6497.01497532, Cross, +0, Pos, -138.80765469, NAV, -900717.31899069, Cash, 1899206.58571683, Port, 998489.26672614
2018-10-22T23:00:00, Open, 6488.96000000, Close, 6491.23000000, EmaShort, 6488.63162053, EmaLong, 6496.82530400, Cross, +0, Pos, -138.80765469, NAV, -901032.41236684, Cash, 1899206.58571683, Port, 998174.17334999
2018-10-23T00:00:00, Open, 6491.23000000, Close, 6487.16000000, EmaShort, 6488.40521737, EmaLong, 6496.50840879, Cross, +0, Pos, -138.80765469, NAV, -900467.46521224, Cash, 1899206.58571683, Port, 998739.12050459
2018-10-23T01:00:00, Open, 6487.16000000, Close, 6474.04000000, EmaShort, 6486.19518393, EmaLong, 6495.77173965, Cross, +0, Pos, -138.80765469, NAV, -898646.30878268, Cash, 1899206.58571683, Port, 1000560.27693415
2018-10-23T02:00:00, Open, 6474.04000000, Close, 6487.43000000, EmaShort, 6486.38515563, EmaLong, 6495.49823999, Cross, +0, Pos, -138.80765469, NAV, -900504.94327901, Cash, 1899206.58571683, Port, 998701.64243782
2018-10-23T03:00:00, Open, 6487.43000000, Close, 6482.34000000, EmaShort, 6485.76282400, EmaLong, 6495.06682228, Cross, +0, Pos, -138.80765469, NAV, -899798.41231662, Cash, 1899206.58571683, Port, 999408.17340020
2018-10-23T04:00:00, Open, 6482.34000000, Close, 6476.21000000, EmaShort, 6484.29315877, EmaLong, 6494.44856582, Cross, +0, Pos, -138.80765469, NAV, -898947.52139336, Cash, 1899206.58571683, Port, 1000259.06432347
2018-10-23T05:00:00, Open, 6476.21000000, Close, 6477.34000000, EmaShort, 6483.22344203, EmaLong, 6493.88762923, Cross, +0, Pos, -138.80765469, NAV, -899104.37404316, Cash, 1899206.58571683, Port, 1000102.21167366
2018-10-23T06:00:00, Open, 6477.34000000, Close, 6474.49000000, EmaShort, 6481.87983557, EmaLong, 6493.25164139, Cross, +0, Pos, -138.80765469, NAV, -898708.77222729, Cash, 1899206.58571683, Port, 1000497.81348954
2018-10-23T07:00:00, Open, 6474.49000000, Close, 6482.55000000, EmaShort, 6481.98293779, EmaLong, 6492.90076790, Cross, +0, Pos, -138.80765469, NAV, -899827.56192411, Cash, 1899206.58571683, Port, 999379.02379272
2018-10-23T08:00:00, Open, 6482.55000000, Close, 6484.36000000, EmaShort, 6482.34863967, EmaLong, 6492.62074272, Cross, +0, Pos, -138.80765469, NAV, -900078.80377910, Cash, 1899206.58571683, Port, 999127.78193773
2018-10-23T09:00:00, Open, 6484.36000000, Close, 6468.79000000, EmaShort, 6480.26269510, EmaLong, 6491.83940690, Cross, +0, Pos, -138.80765469, NAV, -897917.56859555, Cash, 1899206.58571683, Port, 1001289.01712128
2018-10-23T10:00:00, Open, 6468.79000000, Close, 6460.26000000, EmaShort, 6477.18535739, EmaLong, 6490.80401651, Cross, +0, Pos, -138.80765469, NAV, -896733.53930102, Cash, 1899206.58571683, Port, 1002473.04641581
2018-10-23T11:00:00, Open, 6460.26000000, Close, 6461.78000000, EmaShort, 6474.81530241, EmaLong, 6489.85240941, Cross, +0, Pos, -138.80765469, NAV, -896944.52693616, Cash, 1899206.58571683, Port, 1002262.05878067
2018-10-23T12:00:00, Open, 6461.78000000, Close, 6451.67000000, EmaShort, 6471.25448665, EmaLong, 6488.60052713, Cross, +0, Pos, -138.80765469, NAV, -895541.18154722, Cash, 1899206.58571683, Port, 1003665.40416961
2018-10-23T13:00:00, Open, 6451.67000000, Close, 6465.57000000, EmaShort, 6470.37995025, EmaLong, 6487.84542788, Cross, +0, Pos, -138.80765469, NAV, -897470.60794744, Cash, 1899206.58571683, Port, 1001735.97776939
2018-10-23T14:00:00, Open, 6465.57000000, Close, 6476.14000000, EmaShort, 6471.26611175, EmaLong, 6487.46164336, Cross, +0, Pos, -138.80765469, NAV, -898937.80485753, Cash, 1899206.58571683, Port, 1000268.78085930
2018-10-23T15:00:00, Open, 6476.14000000, Close, 6469.63000000, EmaShort, 6471.01440225, EmaLong, 6486.87699932, Cross, +0, Pos, -138.80765469, NAV, -898034.16702549, Cash, 1899206.58571683, Port, 1001172.41869134
2018-10-23T16:00:00, Open, 6469.63000000, Close, 6469.43000000, EmaShort, 6470.77064806, EmaLong, 6486.30496655, Cross, +0, Pos, -138.80765469, NAV, -898006.40549455, Cash, 1899206.58571683, Port, 1001200.18022228
2018-10-23T17:00:00, Open, 6469.43000000, Close, 6458.69000000, EmaShort, 6468.91208682, EmaLong, 6485.39955781, Cross, +0, Pos, -138.80765469, NAV, -896515.61128316, Cash, 1899206.58571683, Port, 1002690.97443367
2018-10-23T18:00:00, Open, 6458.69000000, Close, 6467.50000000, EmaShort, 6468.69484269, EmaLong, 6484.81268706, Cross, +0, Pos, -138.80765469, NAV, -897738.50672099, Cash, 1899206.58571683, Port, 1001468.07899583
2018-10-23T19:00:00, Open, 6467.50000000, Close, 6471.86000000, EmaShort, 6469.18178997, EmaLong, 6484.38800880, Cross, +0, Pos, -138.80765469, NAV, -898343.70809545, Cash, 1899206.58571683, Port, 1000862.87762138
2018-10-23T20:00:00, Open, 6471.86000000, Close, 6486.31000000, EmaShort, 6471.81689920, EmaLong, 6484.45102490, Cross, +0, Pos, -138.80765469, NAV, -900349.47870575, Cash, 1899206.58571683, Port, 998857.10701108
2018-10-23T21:00:00, Open, 6486.31000000, Close, 6481.47000000, EmaShort, 6473.30199163, EmaLong, 6484.35328638, Cross, +0, Pos, -138.80765469, NAV, -899677.64965704, Cash, 1899206.58571683, Port, 999528.93605979
2018-10-23T22:00:00, Open, 6481.47000000, Close, 6477.78000000, EmaShort, 6473.99091600, EmaLong, 6484.13776880, Cross, +0, Pos, -138.80765469, NAV, -899165.44941123, Cash, 1899206.58571683, Port, 1000041.13630560
2018-10-23T23:00:00, Open, 6477.78000000, Close, 6463.26000000, EmaShort, 6472.34000584, EmaLong, 6483.45325179, Cross, +0, Pos, -138.80765469, NAV, -897149.96226510, Cash, 1899206.58571683, Port, 1002056.62345173
2018-10-24T00:00:00, Open, 6463.26000000, Close, 6475.74000000, EmaShort, 6472.86308187, EmaLong, 6483.20035829, Cross, +0, Pos, -138.80765469, NAV, -898882.28179566, Cash, 1899206.58571683, Port, 1000324.30392117
2018-10-24T01:00:00, Open, 6475.74000000, Close, 6486.19000000, EmaShort, 6474.91337697, EmaLong, 6483.29837933, Cross, +0, Pos, -138.80765469, NAV, -900332.82178719, Cash, 1899206.58571683, Port, 998873.76392964
2018-10-24T02:00:00, Open, 6486.19000000, Close, 6484.58000000, EmaShort, 6476.40054974, EmaLong, 6483.34039968, Cross, +0, Pos, -138.80765469, NAV, -900109.34146313, Cash, 1899206.58571683, Port, 999097.24425369
2018-10-24T03:00:00, Open, 6484.58000000, Close, 6483.62000000, EmaShort, 6477.51123440, EmaLong, 6483.34956690, Cross, +0, Pos, -138.80765469, NAV, -899976.08611463, Cash, 1899206.58571683, Port, 999230.49960220
2018-10-24T04:00:00, Open, 6483.62000000, Close, 6493.69000000, EmaShort, 6480.00027526, EmaLong, 6483.68859749, Cross, +0, Pos, -138.80765469, NAV, -901373.87919738, Cash, 1899206.58571683, Port, 997832.70651945
2018-10-24T05:00:00, Open, 6493.69000000, Close, 6505.41000000, EmaShort, 6483.90946368, EmaLong, 6484.40077462, Cross, +0, Pos, -138.80765469, NAV, -903000.70491037, Cash, 1899206.58571683, Port, 996205.88080646
2018-10-24T06:00:00, Open, 6505.41000000, Close, 6521.60000000, EmaShort, 6489.70800773, EmaLong, 6485.62042136, Cross, +1, Pos, -138.80765469, NAV, -905248.00083984, Cash, 1899206.58571683, Port, 993958.58487699
2018-10-24T07:00:00, ORDER Accepted: BUY 414.95744677431935087952 @ 6517.30000000 = 2704402.16786227142438292503
2018-10-24T07:00:00, TRADE Closed: Profit Gross -4443.23 Net -4443.23
2018-10-24T07:00:00, ** ERROR ** Order Not Executed Due To Margin
2018-10-24T07:00:00, Open, 6521.60000000, Close, 6517.30000000, EmaShort, 6493.95292962, EmaLong, 6486.65909607, Cross, +0, Pos, 0.00000000, NAV, 0.00000000, Cash, 993958.58487699, Port, 993958.58487699
2018-10-24T08:00:00, Open, 6517.30000000, Close, 6503.00000000, EmaShort, 6495.34478660, EmaLong, 6487.19486341, Cross, +0, Pos, 0.00000000, NAV, 0.00000000, Cash, 993958.58487699, Port, 993958.58487699
2018-10-24T09:00:00, Open, 6503.00000000, Close, 6506.35000000, EmaShort, 6497.03789635, EmaLong, 6487.82290067, Cross, +0, Pos, 0.00000000, NAV, 0.00000000, Cash, 993958.58487699, Port, 993958.58487699
2018-10-24T10:00:00, Open, 6506.35000000, Close, 6497.44000000, EmaShort, 6497.09975845, EmaLong, 6488.13821541, Cross, +0, Pos, 0.00000000, NAV, 0.00000000, Cash, 993958.58487699, Port, 993958.58487699
2018-10-24T11:00:00, Open, 6497.44000000, Close, 6507.31000000, EmaShort, 6498.67056484, EmaLong, 6488.76679851, Cross, +0, Pos, 0.00000000, NAV, 0.00000000, Cash, 993958.58487699, Port, 993958.58487699
2018-10-24T12:00:00, Open, 6507.31000000, Close, 6491.19000000, EmaShort, 6497.51970871, EmaLong, 6488.84624774, Cross, +0, Pos, 0.00000000, NAV, 0.00000000, Cash, 993958.58487699, Port, 993958.58487699
2018-10-24T13:00:00, Open, 6491.19000000, Close, 6506.04000000, EmaShort, 6498.83052276, EmaLong, 6489.40997732, Cross, +0, Pos, 0.00000000, NAV, 0.00000000, Cash, 993958.58487699, Port, 993958.58487699
2018-10-24T14:00:00, Open, 6506.04000000, Close, 6500.94000000, EmaShort, 6499.15505772, EmaLong, 6489.78801085, Cross, +0, Pos, 0.00000000, NAV, 0.00000000, Cash, 993958.58487699, Port, 993958.58487699
2018-10-24T15:00:00, Open, 6500.94000000, Close, 6510.87000000, EmaShort, 6500.95735653, EmaLong, 6490.47922361, Cross, +0, Pos, 0.00000000, NAV, 0.00000000, Cash, 993958.58487699, Port, 993958.58487699
2018-10-24T16:00:00, Open, 6510.87000000, Close, 6487.55000000, EmaShort, 6498.89468630, EmaLong, 6490.38318349, Cross, +0, Pos, 0.00000000, NAV, 0.00000000, Cash, 993958.58487699, Port, 993958.58487699
2018-10-24T17:00:00, Open, 6487.55000000, Close, 6499.60000000, EmaShort, 6499.00319610, EmaLong, 6490.68537420, Cross, +0, Pos, 0.00000000, NAV, 0.00000000, Cash, 993958.58487699, Port, 993958.58487699
2018-10-24T18:00:00, Open, 6499.60000000, Close, 6508.92000000, EmaShort, 6500.52885824, EmaLong, 6491.28323078, Cross, +0, Pos, 0.00000000, NAV, 0.00000000, Cash, 993958.58487699, Port, 993958.58487699
2018-10-24T19:00:00, Open, 6508.92000000, Close, 6502.59000000, EmaShort, 6500.84595697, EmaLong, 6491.65394452, Cross, +0, Pos, 0.00000000, NAV, 0.00000000, Cash, 993958.58487699, Port, 993958.58487699
2018-10-24T20:00:00, Open, 6502.59000000, Close, 6491.41000000, EmaShort, 6499.39427128, EmaLong, 6491.64594634, Cross, +0, Pos, 0.00000000, NAV, 0.00000000, Cash, 993958.58487699, Port, 993958.58487699
2018-10-24T21:00:00, Open, 6491.41000000, Close, 6499.62000000, EmaShort, 6499.42899878, EmaLong, 6491.90739073, Cross, +0, Pos, 0.00000000, NAV, 0.00000000, Cash, 993958.58487699, Port, 993958.58487699
2018-10-24T22:00:00, Open, 6499.62000000, Close, 6489.16000000, EmaShort, 6497.84915281, EmaLong, 6491.81731234, Cross, +0, Pos, 0.00000000, NAV, 0.00000000, Cash, 993958.58487699, Port, 993958.58487699
2018-10-24T23:00:00, Open, 6489.16000000, Close, 6483.19000000, EmaShort, 6495.59389853, EmaLong, 6491.53444964, Cross, +0, Pos, 0.00000000, NAV, 0.00000000, Cash, 993958.58487699, Port, 993958.58487699
2018-10-25T00:00:00, Open, 6483.19000000, Close, 6495.84000000, EmaShort, 6495.63176030, EmaLong, 6491.67561523, Cross, +0, Pos, 0.00000000, NAV, 0.00000000, Cash, 993958.58487699, Port, 993958.58487699
2018-10-25T01:00:00, Open, 6495.84000000, Close, 6487.74000000, EmaShort, 6494.41764333, EmaLong, 6491.54657866, Cross, +0, Pos, 0.00000000, NAV, 0.00000000, Cash, 993958.58487699, Port, 993958.58487699
2018-10-25T02:00:00, Open, 6487.74000000, Close, 6463.84000000, EmaShort, 6489.71339051, EmaLong, 6490.63816625, Cross, -1, Pos, 0.00000000, NAV, 0.00000000, Cash, 993958.58487699, Port, 993958.58487699
2018-10-25T03:00:00, ORDER Accepted: SELL -138.27107985917186283586 @ 6469.63000000 = -894562.72638929402455687523
2018-10-25T03:00:00, ORDER Completed: SELL -138.27107985917186283586 @ 6463.84000000 = -893762.13683690945617854595 Pos -138.27107986 NAV -894562.72638929 Cash 1887720.72171390 Port 993157.99532461
2018-10-25T03:00:00, Open, 6463.84000000, Close, 6469.63000000, EmaShort, 6486.62363812, EmaLong, 6489.94937391, Cross, +0, Pos, -138.27107986, NAV, -894562.72638929, Cash, 1887720.72171390, Port, 993157.99532461
2018-10-25T04:00:00, Open, 6469.63000000, Close, 6480.90000000, EmaShort, 6485.74307841, EmaLong, 6489.65267313, Cross, +0, Pos, -138.27107986, NAV, -896121.04145931, Cash, 1887720.72171390, Port, 991599.68025460
2018-10-25T05:00:00, Open, 6480.90000000, Close, 6490.31000000, EmaShort, 6486.44568173, EmaLong, 6489.67422483, Cross, +0, Pos, -138.27107986, NAV, -897422.17232078, Cash, 1887720.72171390, Port, 990298.54939312
2018-10-25T06:00:00, Open, 6490.31000000, Close, 6478.01000000, EmaShort, 6485.14788454, EmaLong, 6489.29179123, Cross, +0, Pos, -138.27107986, NAV, -895721.43803851, Cash, 1887720.72171390, Port, 991999.28367539
2018-10-25T07:00:00, Open, 6478.01000000, Close, 6468.66000000, EmaShort, 6482.61128692, EmaLong, 6488.61533906, Cross, +0, Pos, -138.27107986, NAV, -894428.60344183, Cash, 1887720.72171390, Port, 993292.11827207
2018-10-25T08:00:00, Open, 6468.66000000, Close, 6479.29000000, EmaShort, 6482.10031970, EmaLong, 6488.30959023, Cross, +0, Pos, -138.27107986, NAV, -895898.42502073, Cash, 1887720.72171390, Port, 991822.29669317
2018-10-25T09:00:00, Open, 6479.29000000, Close, 6469.78000000, EmaShort, 6480.20488590, EmaLong, 6487.70206269, Cross, +0, Pos, -138.27107986, NAV, -894583.46705127, Cash, 1887720.72171390, Port, 993137.25466263
2018-10-25T10:00:00, Open, 6469.78000000, Close, 6475.12000000, EmaShort, 6479.42259576, EmaLong, 6487.28953604, Cross, +0, Pos, -138.27107986, NAV, -895321.83461772, Cash, 1887720.72171390, Port, 992398.88709618
2018-10-25T11:00:00, Open, 6475.12000000, Close, 6465.47000000, EmaShort, 6477.27604257, EmaLong, 6486.57414142, Cross, +0, Pos, -138.27107986, NAV, -893987.51869708, Cash, 1887720.72171390, Port, 993733.20301682
2018-10-25T12:00:00, Open, 6465.47000000, Close, 6482.86000000, EmaShort, 6478.13511294, EmaLong, 6486.45236629, Cross, +0, Pos, -138.27107986, NAV, -896392.05277583, Cash, 1887720.72171390, Port, 991328.66893807
2018-10-25T13:00:00, Open, 6482.86000000, Close, 6498.46000000, EmaShort, 6481.26201864, EmaLong, 6486.84605920, Cross, +0, Pos, -138.27107986, NAV, -898549.08162163, Cash, 1887720.72171390, Port, 989171.64009227
2018-10-25T14:00:00, Open, 6498.46000000, Close, 6477.40000000, EmaShort, 6480.66786193, EmaLong, 6486.53635234, Cross, +0, Pos, -138.27107986, NAV, -895637.09267980, Cash, 1887720.72171390, Port, 992083.62903410
2018-10-25T15:00:00, Open, 6477.40000000, Close, 6472.27000000, EmaShort, 6479.37588317, EmaLong, 6486.06860308, Cross, +0, Pos, -138.27107986, NAV, -894927.76204012, Cash, 1887720.72171390, Port, 992792.95967378
2018-10-25T16:00:00, Open, 6472.27000000, Close, 6470.68000000, EmaShort, 6478.03805499, EmaLong, 6485.56405872, Cross, +0, Pos, -138.27107986, NAV, -894707.91102315, Cash, 1887720.72171390, Port, 993012.81069076
2018-10-25T17:00:00, Open, 6470.68000000, Close, 6480.59000000, EmaShort, 6478.43066192, EmaLong, 6485.40097482, Cross, +0, Pos, -138.27107986, NAV, -896078.17742455, Cash, 1887720.72171390, Port, 991642.54428935
2018-10-25T18:00:00, Open, 6480.59000000, Close, 6470.81000000, EmaShort, 6477.25825239, EmaLong, 6484.92258221, Cross, +0, Pos, -138.27107986, NAV, -894725.88626353, Cash, 1887720.72171390, Port, 992994.83545037
2018-10-25T19:00:00, Open, 6470.81000000, Close, 6483.30000000, EmaShort, 6478.18775202, EmaLong, 6484.86938279, Cross, +0, Pos, -138.27107986, NAV, -896452.89205097, Cash, 1887720.72171390, Port, 991267.82966293
2018-10-25T20:00:00, Open, 6483.30000000, Close, 6474.35000000, EmaShort, 6477.59732863, EmaLong, 6484.52448499, Cross, +0, Pos, -138.27107986, NAV, -895215.36588623, Cash, 1887720.72171390, Port, 992505.35582767
2018-10-25T21:00:00, Open, 6474.35000000, Close, 6482.51000000, EmaShort, 6478.35312423, EmaLong, 6484.45843631, Cross, +0, Pos, -138.27107986, NAV, -896343.65789788, Cash, 1887720.72171390, Port, 991377.06381602
2018-10-25T22:00:00, Open, 6482.51000000, Close, 6475.32000000, EmaShort, 6477.88648973, EmaLong, 6484.15881544, Cross, +0, Pos, -138.27107986, NAV, -895349.48883369, Cash, 1887720.72171390, Port, 992371.23288021
2018-10-25T23:00:00, Open, 6475.32000000, Close, 6489.32000000, EmaShort, 6479.64549131, EmaLong, 6484.32803461, Cross, +0, Pos, -138.27107986, NAV, -897285.28395172, Cash, 1887720.72171390, Port, 990435.43776218
2018-10-26T00:00:00, Open, 6489.32000000, Close, 6476.29000000, EmaShort, 6479.12926188, EmaLong, 6484.06449249, Cross, +0, Pos, -138.27107986, NAV, -895483.61178116, Cash, 1887720.72171390, Port, 992237.10993275
2018-10-26T01:00:00, Open, 6476.29000000, Close, 6475.43000000, EmaShort, 6478.56014467, EmaLong, 6483.78139438, Cross, +0, Pos, -138.27107986, NAV, -895364.69865248, Cash, 1887720.72171390, Port, 992356.02306143
2018-10-26T02:00:00, Open, 6475.43000000, Close, 6465.73000000, EmaShort, 6476.58627626, EmaLong, 6483.18954538, Cross, +0, Pos, -138.27107986, NAV, -894023.46917784, Cash, 1887720.72171390, Port, 993697.25253606
2018-10-26T03:00:00, Open, 6465.73000000, Close, 6468.72000000, EmaShort, 6475.37607991, EmaLong, 6482.71513406, Cross, +0, Pos, -138.27107986, NAV, -894436.89970662, Cash, 1887720.72171390, Port, 993283.82200728
2018-10-26T04:00:00, Open, 6468.72000000, Close, 6471.10000000, EmaShort, 6474.71822146, EmaLong, 6482.33430999, Cross, +0, Pos, -138.27107986, NAV, -894765.98487669, Cash, 1887720.72171390, Port, 992954.73683722
2018-10-26T05:00:00, Open, 6471.10000000, Close, 6456.59000000, EmaShort, 6471.92926431, EmaLong, 6481.49023425, Cross, +0, Pos, -138.27107986, NAV, -892759.67150793, Cash, 1887720.72171390, Port, 994961.05020597
2018-10-26T06:00:00, Open, 6456.59000000, Close, 6458.15000000, EmaShort, 6469.80937750, EmaLong, 6480.72498067, Cross, +0, Pos, -138.27107986, NAV, -892975.37439251, Cash, 1887720.72171390, Port, 994745.34732139
2018-10-26T07:00:00, Open, 6458.15000000, Close, 6464.33000000, EmaShort, 6468.96639634, EmaLong, 6480.18744032, Cross, +0, Pos, -138.27107986, NAV, -893829.88966604, Cash, 1887720.72171390, Port, 993890.83204786
2018-10-26T08:00:00, Open, 6464.33000000, Close, 6467.77000000, EmaShort, 6468.78233537, EmaLong, 6479.78031113, Cross, +0, Pos, -138.27107986, NAV, -894305.54218076, Cash, 1887720.72171390, Port, 993415.17953315
2018-10-26T09:00:00, Open, 6467.77000000, Close, 6481.78000000, EmaShort, 6470.78197608, EmaLong, 6479.84587470, Cross, +0, Pos, -138.27107986, NAV, -896242.72000958, Cash, 1887720.72171390, Port, 991478.00170432
2018-10-26T10:00:00, Open, 6481.78000000, Close, 6482.73000000, EmaShort, 6472.62013361, EmaLong, 6479.94043618, Cross, +0, Pos, -138.27107986, NAV, -896374.07753545, Cash, 1887720.72171390, Port, 991346.64417845
2018-10-26T11:00:00, Open, 6482.73000000, Close, 6482.23000000, EmaShort, 6474.09857459, EmaLong, 6480.01550385, Cross, +0, Pos, -138.27107986, NAV, -896304.94199552, Cash, 1887720.72171390, Port, 991415.77971838
2018-10-26T12:00:00, Open, 6482.23000000, Close, 6479.18000000, EmaShort, 6474.88033235, EmaLong, 6479.98811028, Cross, +0, Pos, -138.27107986, NAV, -895883.21520195, Cash, 1887720.72171390, Port, 991837.50651195
2018-10-26T13:00:00, Open, 6479.18000000, Close, 6483.84000000, EmaShort, 6476.25874275, EmaLong, 6480.11440175, Cross, +0, Pos, -138.27107986, NAV, -896527.55843409, Cash, 1887720.72171390, Port, 991193.16327981
2018-10-26T14:00:00, Open, 6483.84000000, Close, 6465.24000000, EmaShort, 6474.56355156, EmaLong, 6479.62671644, Cross, +0, Pos, -138.27107986, NAV, -893955.71634871, Cash, 1887720.72171390, Port, 993765.00536519
2018-10-26T15:00:00, Open, 6465.24000000, Close, 6465.58000000, EmaShort, 6473.18146671, EmaLong, 6479.16616836, Cross, +0, Pos, -138.27107986, NAV, -894002.72851586, Cash, 1887720.72171390, Port, 993717.99319804
2018-10-26T16:00:00, Open, 6465.58000000, Close, 6475.77000000, EmaShort, 6473.57970260, EmaLong, 6479.05481858, Cross, +0, Pos, -138.27107986, NAV, -895411.71081963, Cash, 1887720.72171390, Port, 992309.01089427
2018-10-26T17:00:00, Open, 6475.77000000, Close, 6479.55000000, EmaShort, 6474.49820989, EmaLong, 6479.07105404, Cross, +0, Pos, -138.27107986, NAV, -895934.37550150, Cash, 1887720.72171390, Port, 991786.34621241
2018-10-26T18:00:00, Open, 6479.55000000, Close, 6474.41000000, EmaShort, 6474.48463914, EmaLong, 6478.91823259, Cross, +0, Pos, -138.27107986, NAV, -895223.66215102, Cash, 1887720.72171390, Port, 992497.05956288
2018-10-26T19:00:00, Open, 6474.41000000, Close, 6472.71000000, EmaShort, 6474.21161773, EmaLong, 6478.71468398, Cross, +0, Pos, -138.27107986, NAV, -894988.60131526, Cash, 1887720.72171390, Port, 992732.12039864
2018-10-26T20:00:00, Open, 6472.71000000, Close, 6474.15000000, EmaShort, 6474.20213808, EmaLong, 6478.56502221, Cross, +0, Pos, -138.27107986, NAV, -895187.71167026, Cash, 1887720.72171390, Port, 992533.01004365
2018-10-26T21:00:00, Open, 6474.15000000, Close, 6475.28000000, EmaShort, 6474.36796299, EmaLong, 6478.45731657, Cross, +0, Pos, -138.27107986, NAV, -895343.95799050, Cash, 1887720.72171390, Port, 992376.76372340
2018-10-26T22:00:00, Open, 6475.28000000, Close, 6473.93000000, EmaShort, 6474.30058407, EmaLong, 6478.30887996, Cross, +0, Pos, -138.27107986, NAV, -895157.29203269, Cash, 1887720.72171390, Port, 992563.42968121
2018-10-26T23:00:00, Open, 6473.93000000, Close, 6484.30000000, EmaShort, 6475.83895575, EmaLong, 6478.50531012, Cross, +0, Pos, -138.27107986, NAV, -896591.16313083, Cash, 1887720.72171390, Port, 991129.55858307
2018-10-27T00:00:00, Open, 6484.30000000, Close, 6474.75000000, EmaShort, 6475.67142410, EmaLong, 6478.38218520, Cross, +0, Pos, -138.27107986, NAV, -895270.67431817, Cash, 1887720.72171390, Port, 992450.04739573
2018-10-27T01:00:00, Open, 6474.75000000, Close, 6472.70000000, EmaShort, 6475.21428193, EmaLong, 6478.19588405, Cross, +0, Pos, -138.27107986, NAV, -894987.21860446, Cash, 1887720.72171390, Port, 992733.50310944
2018-10-27T02:00:00, Open, 6472.70000000, Close, 6482.80000000, EmaShort, 6476.38131548, EmaLong, 6478.34683867, Cross, +0, Pos, -138.27107986, NAV, -896383.75651104, Cash, 1887720.72171390, Port, 991336.96520286
2018-10-27T03:00:00, Open, 6482.80000000, Close, 6478.51000000, EmaShort, 6476.70880540, EmaLong, 6478.35218822, Cross, +0, Pos, -138.27107986, NAV, -895790.57357844, Cash, 1887720.72171390, Port, 991930.14813546
2018-10-27T04:00:00, Open, 6478.51000000, Close, 6478.52000000, EmaShort, 6476.98745073, EmaLong, 6478.35769025, Cross, +0, Pos, -138.27107986, NAV, -895791.95628924, Cash, 1887720.72171390, Port, 991928.76542466
2018-10-27T05:00:00, Open, 6478.52000000, Close, 6490.90000000, EmaShort, 6479.12784292, EmaLong, 6478.76891352, Cross, +1, Pos, -138.27107986, NAV, -897503.75225790, Cash, 1887720.72171390, Port, 990216.96945600
2018-10-27T06:00:00, ORDER Accepted: BUY 414.27110213286653106479 @ 6480.26000000 = 2684584.45230752974748611450
2018-10-27T06:00:00, TRADE Closed: Profit Gross -3741.62 Net -3741.62
2018-10-27T06:00:00, ** ERROR ** Order Not Executed Due To Margin
2018-10-27T06:00:00, Open, 6490.90000000, Close, 6480.26000000, EmaShort, 6479.30202093, EmaLong, 6478.81780160, Cross, +0, Pos, 0.00000000, NAV, 0.00000000, Cash, 990216.96945600, Port, 990216.96945600
2018-10-27T07:00:00, Open, 6480.26000000, Close, 6489.62000000, EmaShort, 6480.88940233, EmaLong, 6479.17197204, Cross, +0, Pos, 0.00000000, NAV, 0.00000000, Cash, 990216.96945600, Port, 990216.96945600
2018-10-27T08:00:00, Open, 6489.62000000, Close, 6491.28000000, EmaShort, 6482.48795582, EmaLong, 6479.56895656, Cross, +0, Pos, 0.00000000, NAV, 0.00000000, Cash, 990216.96945600, Port, 990216.96945600
2018-10-27T09:00:00, Open, 6491.28000000, Close, 6483.04000000, EmaShort, 6482.57288569, EmaLong, 6479.68276126, Cross, +0, Pos, 0.00000000, NAV, 0.00000000, Cash, 990216.96945600, Port, 990216.96945600
2018-10-27T10:00:00, Open, 6483.04000000, Close, 6487.29000000, EmaShort, 6483.29859558, EmaLong, 6479.93217893, Cross, +0, Pos, 0.00000000, NAV, 0.00000000, Cash, 990216.96945600, Port, 990216.96945600
2018-10-27T11:00:00, Open, 6487.29000000, Close, 6483.41000000, EmaShort, 6483.31573473, EmaLong, 6480.04620585, Cross, +0, Pos, 0.00000000, NAV, 0.00000000, Cash, 990216.96945600, Port, 990216.96945600
2018-10-27T12:00:00, Open, 6483.41000000, Close, 6475.08000000, EmaShort, 6482.04869861, EmaLong, 6479.88337943, Cross, +0, Pos, 0.00000000, NAV, 0.00000000, Cash, 990216.96945600, Port, 990216.96945600
2018-10-27T13:00:00, Open, 6475.08000000, Close, 6482.48000000, EmaShort, 6482.11505267, EmaLong, 6479.96851453, Cross, +0, Pos, 0.00000000, NAV, 0.00000000, Cash, 990216.96945600, Port, 990216.96945600
2018-10-27T14:00:00, Open, 6482.48000000, Close, 6478.40000000, EmaShort, 6481.54350611, EmaLong, 6479.91708782, Cross, +0, Pos, 0.00000000, NAV, 0.00000000, Cash, 990216.96945600, Port, 990216.96945600
2018-10-27T15:00:00, Open, 6478.40000000, Close, 6480.49000000, EmaShort, 6481.38142825, EmaLong, 6479.93587183, Cross, +0, Pos, 0.00000000, NAV, 0.00000000, Cash, 990216.96945600, Port, 990216.96945600
2018-10-27T16:00:00, Open, 6480.49000000, Close, 6471.98000000, EmaShort, 6479.93505467, EmaLong, 6479.67502357, Cross, +0, Pos, 0.00000000, NAV, 0.00000000, Cash, 990216.96945600, Port, 990216.96945600
2018-10-27T17:00:00, Open, 6471.98000000, Close, 6477.39000000, EmaShort, 6479.54350780, EmaLong, 6479.60010477, Cross, -1, Pos, 0.00000000, NAV, 0.00000000, Cash, 990216.96945600, Port, 990216.96945600
2018-10-27T18:00:00, ORDER Accepted: SELL -137.77336416612104130763 @ 6468.56000000 = -891195.27251040400005877018
2018-10-27T18:00:00, ORDER Completed: SELL -137.77336416612104130763 @ 6477.39000000 = -892411.81131599086802452803 Pos -137.77336417 NAV -891195.27251040 Cash 1882628.78077200 Port 991433.50826159
2018-10-27T18:00:00, Open, 6477.39000000, Close, 6468.56000000, EmaShort, 6477.85373737, EmaLong, 6479.23813412, Cross, +0, Pos, -137.77336417, NAV, -891195.27251040, Cash, 1882628.78077200, Port, 991433.50826159
2018-10-27T19:00:00, Open, 6468.56000000, Close, 6475.74000000, EmaShort, 6477.52854700, EmaLong, 6479.12344120, Cross, +0, Pos, -137.77336417, NAV, -892184.48526512, Cash, 1882628.78077200, Port, 990444.29550688
2018-10-27T20:00:00, Open, 6475.74000000, Close, 6477.33000000, EmaShort, 6477.49800131, EmaLong, 6479.06463985, Cross, +0, Pos, -137.77336417, NAV, -892403.54491414, Cash, 1882628.78077200, Port, 990225.23585785
2018-10-27T21:00:00, Open, 6477.33000000, Close, 6473.86000000, EmaShort, 6476.93830880, EmaLong, 6478.89399592, Cross, +0, Pos, -137.77336417, NAV, -891925.47134048, Cash, 1882628.78077200, Port, 990703.30943151
2018-10-27T22:00:00, Open, 6473.86000000, Close, 6490.99000000, EmaShort, 6479.10010745, EmaLong, 6479.29058621, Cross, +0, Pos, -137.77336417, NAV, -894285.52906865, Cash, 1882628.78077200, Port, 988343.25170335
2018-10-27T23:00:00, Open, 6490.99000000, Close, 6474.70000000, EmaShort, 6478.42316784, EmaLong, 6479.14007519, Cross, +0, Pos, -137.77336417, NAV, -892041.20096638, Cash, 1882628.78077200, Port, 990587.57980561
2018-10-28T00:00:00, Open, 6474.70000000, Close, 6480.38000000, EmaShort, 6478.72421894, EmaLong, 6479.18072846, Cross, +0, Pos, -137.77336417, NAV, -892823.75367485, Cash, 1882628.78077200, Port, 989805.02709715
2018-10-28T01:00:00, Open, 6480.38000000, Close, 6480.53000000, EmaShort, 6479.00203141, EmaLong, 6479.22496687, Cross, +0, Pos, -137.77336417, NAV, -892844.41967947, Cash, 1882628.78077200, Port, 989784.36109252
2018-10-28T02:00:00, Open, 6480.53000000, Close, 6468.87000000, EmaShort, 6477.44325735, EmaLong, 6478.88545976, Cross, +0, Pos, -137.77336417, NAV, -891237.98225330, Cash, 1882628.78077200, Port, 991390.79851870
2018-10-28T03:00:00, Open, 6468.87000000, Close, 6479.65000000, EmaShort, 6477.78275622, EmaLong, 6478.91052666, Cross, +0, Pos, -137.77336417, NAV, -892723.17911901, Cash, 1882628.78077200, Port, 989905.60165299
2018-10-28T04:00:00, Open, 6479.65000000, Close, 6477.12000000, EmaShort, 6477.68079372, EmaLong, 6478.85182086, Cross, +0, Pos, -137.77336417, NAV, -892374.61250767, Cash, 1882628.78077200, Port, 990254.16826433
2018-10-28T05:00:00, Open, 6477.12000000, Close, 6480.19000000, EmaShort, 6478.06682546, EmaLong, 6478.89569559, Cross, +0, Pos, -137.77336417, NAV, -892797.57673566, Cash, 1882628.78077200, Port, 989831.20403634
2018-10-28T06:00:00, Open, 6480.19000000, Close, 6473.40000000, EmaShort, 6477.34885231, EmaLong, 6478.71550885, Cross, +0, Pos, -137.77336417, NAV, -891862.09559297, Cash, 1882628.78077200, Port, 990766.68517903
2018-10-28T07:00:00, Open, 6473.40000000, Close, 6490.71000000, EmaShort, 6479.40441349, EmaLong, 6479.10877085, Cross, +1, Pos, -137.77336417, NAV, -894246.95252668, Cash, 1882628.78077200, Port, 988381.82824531
2018-10-28T08:00:00, ORDER Accepted: BUY 412.48692711005787714384 @ 6493.41000000 = 2678446.73736572079360485077
2018-10-28T08:00:00, TRADE Closed: Profit Gross -1835.14 Net -1835.14
2018-10-28T08:00:00, ** ERROR ** Order Not Executed Due To Margin
2018-10-28T08:00:00, Open, 6490.71000000, Close, 6493.41000000, EmaShort, 6481.55911911, EmaLong, 6479.57766361, Cross, +0, Pos, 0.00000000, NAV, 0.00000000, Cash, 988381.82824531, Port, 988381.82824531
2018-10-28T09:00:00, Open, 6493.41000000, Close, 6477.70000000, EmaShort, 6480.96540848, EmaLong, 6479.51610087, Cross, +0, Pos, 0.00000000, NAV, 0.00000000, Cash, 988381.82824531, Port, 988381.82824531
2018-10-28T10:00:00, Open, 6477.70000000, Close, 6483.26000000, EmaShort, 6481.31842256, EmaLong, 6479.63885166, Cross, +0, Pos, 0.00000000, NAV, 0.00000000, Cash, 988381.82824531, Port, 988381.82824531
2018-10-28T11:00:00, Open, 6483.26000000, Close, 6475.70000000, EmaShort, 6480.45404986, EmaLong, 6479.50970899, Cross, +0, Pos, 0.00000000, NAV, 0.00000000, Cash, 988381.82824531, Port, 988381.82824531
2018-10-28T12:00:00, Open, 6475.70000000, Close, 6463.27000000, EmaShort, 6477.81034988, EmaLong, 6478.97725951, Cross, -1, Pos, 0.00000000, NAV, 0.00000000, Cash, 988381.82824531, Port, 988381.82824531
2018-10-28T13:00:00, ORDER Accepted: SELL -137.44769987975351455134 @ 6471.87000000 = -889543.64542078040540218353
2018-10-28T13:00:00, ORDER Completed: SELL -137.44769987975351455134 @ 6463.27000000 = -888361.59520181454718112946 Pos -137.44769988 NAV -889543.64542078 Cash 1876743.42344713 Port 987199.77802635
2018-10-28T13:00:00, Open, 6463.27000000, Close, 6471.87000000, EmaShort, 6476.89644990, EmaLong, 6478.74423461, Cross, +0, Pos, -137.44769988, NAV, -889543.64542078, Cash, 1876743.42344713, Port, 987199.77802635
2018-10-28T14:00:00, Open, 6471.87000000, Close, 6476.66000000, EmaShort, 6476.86007299, EmaLong, 6478.67589905, Cross, +0, Pos, -137.44769988, NAV, -890202.01990320, Cash, 1876743.42344713, Port, 986541.40354392
2018-10-28T15:00:00, Open, 6476.66000000, Close, 6485.29000000, EmaShort, 6478.15698484, EmaLong, 6478.89275482, Cross, +0, Pos, -137.44769988, NAV, -891388.19355317, Cash, 1876743.42344713, Port, 985355.22989396
2018-10-28T16:00:00, Open, 6485.29000000, Close, 6479.84000000, EmaShort, 6478.41591025, EmaLong, 6478.92381204, Cross, +0, Pos, -137.44769988, NAV, -890639.10358882, Cash, 1876743.42344713, Port, 986104.31985830
2018-10-28T17:00:00, Open, 6479.84000000, Close, 6485.90000000, EmaShort, 6479.56730867, EmaLong, 6479.15253951, Cross, +1, Pos, -137.44769988, NAV, -891472.03665009, Cash, 1876743.42344713, Port, 985271.38679703
2018-10-28T18:00:00, ORDER Accepted: BUY 411.65311957442008861108 @ 6484.93000000 = 2669541.66472174413502216339
2018-10-28T18:00:00, TRADE Closed: Profit Gross -3110.44 Net -3110.44
2018-10-28T18:00:00, ** ERROR ** Order Not Executed Due To Margin
2018-10-28T18:00:00, Open, 6485.90000000, Close, 6484.93000000, EmaShort, 6480.39233811, EmaLong, 6479.34196444, Cross, +0, Pos, 0.00000000, NAV, 0.00000000, Cash, 985271.38679703, Port, 985271.38679703
2018-10-28T19:00:00, Open, 6484.93000000, Close, 6472.42000000, EmaShort, 6479.16582455, EmaLong, 6479.11501479, Cross, +0, Pos, 0.00000000, NAV, 0.00000000, Cash, 985271.38679703, Port, 985271.38679703
2018-10-28T20:00:00, Open, 6472.42000000, Close, 6476.85000000, EmaShort, 6478.80954385, EmaLong, 6479.04075201, Cross, -1, Pos, 0.00000000, NAV, 0.00000000, Cash, 985271.38679703, Port, 985271.38679703
2018-10-28T21:00:00, ORDER Accepted: SELL -136.76283668357484657463 @ 6483.81000000 = -886744.24811732943635433912
2018-10-28T21:00:00, ORDER Completed: SELL -136.76283668357484657463 @ 6476.85000000 = -885792.37877401174046099186 Pos -136.76283668 NAV -886744.24811733 Cash 1871063.76557104 Port 984319.51745372
2018-10-28T21:00:00, Open, 6476.85000000, Close, 6483.81000000, EmaShort, 6479.57884480, EmaLong, 6479.19712080, Cross, +1, Pos, -136.76283668, NAV, -886744.24811733, Cash, 1871063.76557104, Port, 984319.51745372
2018-10-28T22:00:00, ORDER Accepted: BUY 411.08620224020728528558 @ 6460.68000000 = 2655896.40508926240727305412
2018-10-28T22:00:00, TRADE Closed: Profit Gross -951.87 Net -951.87
2018-10-28T22:00:00, ** ERROR ** Order Not Executed Due To Margin
2018-10-28T22:00:00, Open, 6483.81000000, Close, 6460.68000000, EmaShort, 6476.67133021, EmaLong, 6478.59000208, Cross, -1, Pos, 0.00000000, NAV, 0.00000000, Cash, 984319.51745372, Port, 984319.51745372
2018-10-29T00:00:00, ORDER Accepted: SELL -136.57973363700389768383 @ 6486.23000000 = -885887.56570834375452250242
2018-10-29T00:00:00, ORDER Completed: SELL -136.57973363700389768383 @ 6460.68000000 = -882397.95351391832809895277 Pos -136.57973364 NAV -885887.56570834 Cash 1866717.47096763 Port 980829.90525929
2018-10-29T00:00:00, Open, 6460.68000000, Close, 6486.23000000, EmaShort, 6478.14189480, EmaLong, 6478.84049382, Cross, +0, Pos, -136.57973364, NAV, -885887.56570834, Cash, 1866717.47096763, Port, 980829.90525929
2018-10-29T01:00:00, Open, 6486.23000000, Close, 6469.09000000, EmaShort, 6476.74929560, EmaLong, 6478.52080549, Cross, +0, Pos, -136.57973364, NAV, -883546.58907381, Cash, 1866717.47096763, Port, 983170.88189383
2018-10-29T02:00:00, Open, 6469.09000000, Close, 6477.30000000, EmaShort, 6476.83401935, EmaLong, 6478.48077909, Cross, +0, Pos, -136.57973364, NAV, -884667.90868697, Cash, 1866717.47096763, Port, 982049.56228067
2018-10-29T03:00:00, Open, 6477.30000000, Close, 6494.56000000, EmaShort, 6479.56109330, EmaLong, 6479.00796666, Cross, +1, Pos, -136.57973364, NAV, -887025.27488954, Cash, 1866717.47096763, Port, 979692.19607809
2018-10-29T04:00:00, ORDER Accepted: BUY 409.28694874271207027050 @ 6485.43000000 = 2654401.85598444705829024315
2018-10-29T04:00:00, TRADE Closed: Profit Gross -4627.32 Net -4627.32
2018-10-29T04:00:00, ** ERROR ** Order Not Executed Due To Margin
2018-10-29T04:00:00, Open, 6494.56000000, Close, 6485.43000000, EmaShort, 6480.46400202, EmaLong, 6479.21852513, Cross, +0, Pos, 0.00000000, NAV, 0.00000000, Cash, 979692.19607809, Port, 979692.19607809
2018-10-29T05:00:00, Open, 6485.43000000, Close, 6479.95000000, EmaShort, 6480.38492479, EmaLong, 6479.24250791, Cross, +0, Pos, 0.00000000, NAV, 0.00000000, Cash, 979692.19607809, Port, 979692.19607809
2018-10-29T06:00:00, Open, 6479.95000000, Close, 6474.49000000, EmaShort, 6479.47801328, EmaLong, 6479.08668798, Cross, +0, Pos, 0.00000000, NAV, 0.00000000, Cash, 979692.19607809, Port, 979692.19607809
2018-10-29T07:00:00, Open, 6474.49000000, Close, 6487.99000000, EmaShort, 6480.78754970, EmaLong, 6479.37859985, Cross, +0, Pos, 0.00000000, NAV, 0.00000000, Cash, 979692.19607809, Port, 979692.19607809
2018-10-29T08:00:00, Open, 6487.99000000, Close, 6478.89000000, EmaShort, 6480.49561898, EmaLong, 6479.36258018, Cross, +0, Pos, 0.00000000, NAV, 0.00000000, Cash, 979692.19607809, Port, 979692.19607809
2018-10-29T09:00:00, Open, 6478.89000000, Close, 6470.17000000, EmaShort, 6478.90706221, EmaLong, 6479.06118411, Cross, -1, Pos, 0.00000000, NAV, 0.00000000, Cash, 979692.19607809, Port, 979692.19607809
2018-10-29T10:00:00, ORDER Accepted: SELL -136.32902671470358768602 @ 6467.61000000 = -881722.97647028404753655195
2018-10-29T10:00:00, ORDER Completed: SELL -136.32902671470358768602 @ 6470.17000000 = -882071.97877867368515580893 Pos -136.32902671 NAV -881722.97647028 Cash 1861764.17485677 Port 980041.19838648
2018-10-29T10:00:00, Open, 6470.17000000, Close, 6467.61000000, EmaShort, 6477.16905264, EmaLong, 6478.68573545, Cross, +0, Pos, -136.32902671, NAV, -881722.97647028, Cash, 1861764.17485677, Port, 980041.19838648
2018-10-29T11:00:00, Open, 6467.61000000, Close, 6469.38000000, EmaShort, 6475.97073685, EmaLong, 6478.38062937, Cross, +0, Pos, -136.32902671, NAV, -881964.27884757, Cash, 1861764.17485677, Port, 979799.89600920
2018-10-29T12:00:00, Open, 6469.38000000, Close, 6412.18000000, EmaShort, 6466.15677733, EmaLong, 6476.21011693, Cross, +0, Pos, -136.32902671, NAV, -874166.25851949, Cash, 1861764.17485677, Port, 987597.91633728
2018-10-29T13:00:00, Open, 6412.18000000, Close, 6339.10000000, EmaShort, 6446.60958082, EmaLong, 6471.71470326, Cross, +0, Pos, -136.32902671, NAV, -864203.33324718, Cash, 1861764.17485677, Port, 997560.84160959
2018-10-29T14:00:00, Open, 6339.10000000, Close, 6344.00000000, EmaShort, 6430.82349146, EmaLong, 6467.52733594, Cross, +0, Pos, -136.32902671, NAV, -864871.34547808, Cash, 1861764.17485677, Port, 996892.82937869
2018-10-29T15:00:00, Open, 6344.00000000, Close, 6346.92000000, EmaShort, 6417.91526201, EmaLong, 6463.57299706, Cross, +0, Pos, -136.32902671, NAV, -865269.42623609, Cash, 1861764.17485677, Port, 996494.74862068
2018-10-29T16:00:00, Open, 6346.92000000, Close, 6352.92000000, EmaShort, 6407.91599093, EmaLong, 6459.94502994, Cross, +0, Pos, -136.32902671, NAV, -866087.40039637, Cash, 1861764.17485677, Port, 995676.77446039
2018-10-29T17:00:00, Open, 6352.92000000, Close, 6352.93000000, EmaShort, 6399.45660771, EmaLong, 6456.43634043, Cross, +0, Pos, -136.32902671, NAV, -866088.76368664, Cash, 1861764.17485677, Port, 995675.41117013
2018-10-29T18:00:00, Open, 6352.93000000, Close, 6346.58000000, EmaShort, 6391.32174499, EmaLong, 6452.83449321, Cross, +0, Pos, -136.32902671, NAV, -865223.07436700, Cash, 1861764.17485677, Port, 996541.10048976
2018-10-29T19:00:00, Open, 6346.58000000, Close, 6337.64000000, EmaShort, 6383.06301499, EmaLong, 6449.05762458, Cross, +0, Pos, -136.32902671, NAV, -864004.29286817, Cash, 1861764.17485677, Port, 997759.88198859
2018-10-29T20:00:00, Open, 6337.64000000, Close, 6321.85000000, EmaShort, 6373.64562807, EmaLong, 6444.88688279, Cross, +0, Pos, -136.32902671, NAV, -861851.65753635, Cash, 1861764.17485677, Port, 999912.51732042
2018-10-29T21:00:00, Open, 6321.85000000, Close, 6321.53000000, EmaShort, 6365.62783913, EmaLong, 6440.84239483, Cross, +0, Pos, -136.32902671, NAV, -861808.03224780, Cash, 1861764.17485677, Port, 999956.14260897
2018-10-29T22:00:00, Open, 6321.53000000, Close, 6314.31000000, EmaShort, 6357.73278696, EmaLong, 6436.69379172, Cross, +0, Pos, -136.32902671, NAV, -860823.73667492, Cash, 1861764.17485677, Port, 1000940.43818185
2018-10-29T23:00:00, Open, 6314.31000000, Close, 6324.66000000, EmaShort, 6352.64466589, EmaLong, 6433.02055265, Cross, +0, Pos, -136.32902671, NAV, -862234.74210142, Cash, 1861764.17485677, Port, 999529.43275535
2018-10-30T00:00:00, Open, 6324.66000000, Close, 6332.79000000, EmaShort, 6349.59010191, EmaLong, 6429.73430502, Cross, +0, Pos, -136.32902671, NAV, -863343.09708861, Cash, 1861764.17485677, Port, 998421.07776816
2018-10-30T01:00:00, Open, 6332.79000000, Close, 6337.96000000, EmaShort, 6347.80085546, EmaLong, 6426.72531141, Cross, +0, Pos, -136.32902671, NAV, -864047.91815672, Cash, 1861764.17485677, Port, 997716.25670004
2018-10-30T02:00:00, Open, 6337.96000000, Close, 6339.00000000, EmaShort, 6346.44687770, EmaLong, 6423.84907169, Cross, +0, Pos, -136.32902671, NAV, -864189.70034451, Cash, 1861764.17485677, Port, 997574.47451226
2018-10-30T03:00:00, Open, 6339.00000000, Close, 6328.83000000, EmaShort, 6343.73658882, EmaLong, 6420.73369229, Cross, +0, Pos, -136.32902671, NAV, -862803.23414282, Cash, 1861764.17485677, Port, 998960.94071395
2018-10-30T04:00:00, Open, 6328.83000000, Close, 6338.06000000, EmaShort, 6342.86326746, EmaLong, 6418.02307943, Cross, +0, Pos, -136.32902671, NAV, -864061.55105939, Cash, 1861764.17485677, Port, 997702.62379737
2018-10-30T05:00:00, Open, 6338.06000000, Close, 6348.85000000, EmaShort, 6343.78430324, EmaLong, 6415.75510961, Cross, +0, Pos, -136.32902671, NAV, -865532.54125765, Cash, 1861764.17485677, Port, 996231.63359912
2018-10-30T06:00:00, Open, 6348.85000000, Close, 6350.90000000, EmaShort, 6344.87902582, EmaLong, 6413.62871258, Cross, +0, Pos, -136.32902671, NAV, -865812.01576241, Cash, 1861764.17485677, Port, 995952.15909436
2018-10-30T07:00:00, Open, 6350.90000000, Close, 6345.35000000, EmaShort, 6344.95148338, EmaLong, 6411.39006626, Cross, +0, Pos, -136.32902671, NAV, -865055.38966414, Cash, 1861764.17485677, Port, 996708.78519262
2018-10-30T08:00:00, Open, 6345.35000000, Close, 6347.87000000, EmaShort, 6345.40048594, EmaLong, 6409.30744114, Cross, +0, Pos, -136.32902671, NAV, -865398.93881147, Cash, 1861764.17485677, Port, 996365.23604530
2018-10-30T09:00:00, Open, 6347.87000000, Close, 6338.66000000, EmaShort, 6344.36348810, EmaLong, 6406.99113159, Cross, +0, Pos, -136.32902671, NAV, -864143.34847542, Cash, 1861764.17485677, Port, 997620.82638134
2018-10-30T10:00:00, Open, 6338.66000000, Close, 6329.66000000, EmaShort, 6342.10141301, EmaLong, 6404.45568466, Cross, +0, Pos, -136.32902671, NAV, -862916.38723499, Cash, 1861764.17485677, Port, 998847.78762178
2018-10-30T11:00:00, Open, 6329.66000000, Close, 6335.44000000, EmaShort, 6341.07658024, EmaLong, 6402.19287532, Cross, +0, Pos, -136.32902671, NAV, -863704.36900940, Cash, 1861764.17485677, Port, 998059.80584737
2018-10-30T12:00:00, Open, 6335.44000000, Close, 6328.76000000, EmaShort, 6339.18172174, EmaLong, 6399.78524007, Cross, +0, Pos, -136.32902671, NAV, -862793.69111095, Cash, 1861764.17485677, Port, 998970.48374582
2018-10-30T13:00:00, Open, 6328.76000000, Close, 6337.69000000, EmaShort, 6338.95222609, EmaLong, 6397.74933056, Cross, +0, Pos, -136.32902671, NAV, -864011.10931951, Cash, 1861764.17485677, Port, 997753.06553726
2018-10-30T14:00:00, Open, 6337.69000000, Close, 6333.93000000, EmaShort, 6338.17957592, EmaLong, 6395.65689349, Cross, +0, Pos, -136.32902671, NAV, -863498.51217906, Cash, 1861764.17485677, Port, 998265.66267770
2018-10-30T15:00:00, Open, 6333.93000000, Close, 6334.78000000, EmaShort, 6337.65656424, EmaLong, 6393.66092977, Cross, +0, Pos, -136.32902671, NAV, -863614.39185177, Cash, 1861764.17485677, Port, 998149.78300500
2018-10-30T16:00:00, Open, 6334.78000000, Close, 6345.72000000, EmaShort, 6338.89709282, EmaLong, 6392.08909601, Cross, +0, Pos, -136.32902671, NAV, -865105.83140403, Cash, 1861764.17485677, Port, 996658.34345274
2018-10-30T17:00:00, Open, 6345.72000000, Close, 6341.78000000, EmaShort, 6339.34061700, EmaLong, 6390.43961745, Cross, +0, Pos, -136.32902671, NAV, -864568.69503877, Cash, 1861764.17485677, Port, 997195.47981799
2018-10-30T18:00:00, Open, 6341.78000000, Close, 6331.92000000, EmaShort, 6338.19898362, EmaLong, 6388.52094147, Cross, +0, Pos, -136.32902671, NAV, -863224.49083537, Cash, 1861764.17485677, Port, 998539.68402140
2018-10-30T19:00:00, Open, 6331.92000000, Close, 6324.23000000, EmaShort, 6336.04990921, EmaLong, 6386.41304175, Cross, +0, Pos, -136.32902671, NAV, -862176.12061993, Cash, 1861764.17485677, Port, 999588.05423684
2018-10-30T20:00:00, Open, 6324.23000000, Close, 6324.21000000, EmaShort, 6334.22838472, EmaLong, 6384.37359775, Cross, +0, Pos, -136.32902671, NAV, -862173.39403940, Cash, 1861764.17485677, Port, 999590.78081737
2018-10-30T21:00:00, Open, 6324.21000000, Close, 6325.28000000, EmaShort, 6332.85171015, EmaLong, 6382.43610275, Cross, +0, Pos, -136.32902671, NAV, -862319.26609798, Cash, 1861764.17485677, Port, 999444.90875879
2018-10-30T22:00:00, Open, 6325.28000000, Close, 6336.74000000, EmaShort, 6333.44990859, EmaLong, 6380.93786987, Cross, +0, Pos, -136.32902671, NAV, -863881.59674413, Cash, 1861764.17485677, Port, 997882.57811264
2018-10-30T23:00:00, Open, 6336.74000000, Close, 6333.74000000, EmaShort, 6333.49453803, EmaLong, 6379.39039873, Cross, +0, Pos, -136.32902671, NAV, -863472.60966399, Cash, 1861764.17485677, Port, 998291.56519278
2018-10-31T00:00:00, Open, 6333.74000000, Close, 6331.21000000, EmaShort, 6333.14307064, EmaLong, 6377.81071352, Cross, +0, Pos, -136.32902671, NAV, -863127.69722640, Cash, 1861764.17485677, Port, 998636.47763037
2018-10-31T01:00:00, Open, 6331.21000000, Close, 6343.41000000, EmaShort, 6334.72259824, EmaLong, 6376.68282127, Cross, +0, Pos, -136.32902671, NAV, -864790.91135232, Cash, 1861764.17485677, Port, 996973.26350445
2018-10-31T02:00:00, Open, 6343.41000000, Close, 6339.65000000, EmaShort, 6335.48066005, EmaLong, 6375.46863041, Cross, +0, Pos, -136.32902671, NAV, -864278.31421187, Cash, 1861764.17485677, Port, 997485.86064490
2018-10-31T03:00:00, Open, 6339.65000000, Close, 6327.96000000, EmaShort, 6334.32363542, EmaLong, 6373.91097040, Cross, +0, Pos, -136.32902671, NAV, -862684.62788958, Cash, 1861764.17485677, Port, 999079.54696719
2018-10-31T04:00:00, Open, 6327.96000000, Close, 6328.46000000, EmaShort, 6333.42153767, EmaLong, 6372.42077465, Cross, +0, Pos, -136.32902671, NAV, -862752.79240293, Cash, 1861764.17485677, Port, 999011.38245383
2018-10-31T05:00:00, Open, 6328.46000000, Close, 6330.60000000, EmaShort, 6332.98745495, EmaLong, 6371.04960171, Cross, +0, Pos, -136.32902671, NAV, -863044.53652010, Cash, 1861764.17485677, Port, 998719.63833666
2018-10-31T06:00:00, Open, 6330.60000000, Close, 6336.63000000, EmaShort, 6333.54784650, EmaLong, 6369.92109018, Cross, +0, Pos, -136.32902671, NAV, -863866.60055119, Cash, 1861764.17485677, Port, 997897.57430557
2018-10-31T07:00:00, Open, 6336.63000000, Close, 6338.30000000, EmaShort, 6334.27894703, EmaLong, 6368.88433312, Cross, +0, Pos, -136.32902671, NAV, -864094.27002581, Cash, 1861764.17485677, Port, 997669.90483096
2018-10-31T08:00:00, Open, 6338.30000000, Close, 6339.06000000, EmaShort, 6335.01449364, EmaLong, 6367.90648614, Cross, +0, Pos, -136.32902671, NAV, -864197.88008611, Cash, 1861764.17485677, Port, 997566.29477066
2018-10-31T09:00:00, Open, 6339.06000000, Close, 6326.84000000, EmaShort, 6333.75687924, EmaLong, 6366.56004397, Cross, +0, Pos, -136.32902671, NAV, -862531.93937966, Cash, 1861764.17485677, Port, 999232.23547711
2018-10-31T10:00:00, Open, 6326.84000000, Close, 6324.74000000, EmaShort, 6332.36966705, EmaLong, 6365.18889498, Cross, +0, Pos, -136.32902671, NAV, -862245.64842355, Cash, 1861764.17485677, Port, 999518.52643321
2018-10-31T11:00:00, Open, 6324.74000000, Close, 6338.97000000, EmaShort, 6333.38510289, EmaLong, 6364.32925908, Cross, +0, Pos, -136.32902671, NAV, -864185.61047370, Cash, 1861764.17485677, Port, 997578.56438306
2018-10-31T12:00:00, Open, 6338.97000000, Close, 6335.33000000, EmaShort, 6333.68431783, EmaLong, 6363.37846370, Cross, +0, Pos, -136.32902671, NAV, -863689.37281646, Cash, 1861764.17485677, Port, 998074.80204030
2018-10-31T13:00:00, Open, 6335.33000000, Close, 6323.41000000, EmaShort, 6332.10365355, EmaLong, 6362.06802227, Cross, +0, Pos, -136.32902671, NAV, -862064.33081802, Cash, 1861764.17485677, Port, 999699.84403874
2018-10-31T14:00:00, Open, 6323.41000000, Close, 6321.70000000, EmaShort, 6330.50309146, EmaLong, 6360.74448056, Cross, +0, Pos, -136.32902671, NAV, -861831.20818234, Cash, 1861764.17485677, Port, 999932.96667443
2018-10-31T15:00:00, Open, 6321.70000000, Close, 6323.16000000, EmaShort, 6329.37338508, EmaLong, 6359.51220251, Cross, +0, Pos, -136.32902671, NAV, -862030.24856135, Cash, 1861764.17485677, Port, 999733.92629542
2018-10-31T16:00:00, Open, 6323.16000000, Close, 6334.67000000, EmaShort, 6330.18824892, EmaLong, 6358.69770406, Cross, +0, Pos, -136.32902671, NAV, -863599.39565883, Cash, 1861764.17485677, Port, 998164.77919794
2018-10-31T17:00:00, Open, 6334.67000000, Close, 6328.04000000, EmaShort, 6329.85774908, EmaLong, 6357.69253344, Cross, +0, Pos, -136.32902671, NAV, -862695.53421171, Cash, 1861764.17485677, Port, 999068.64064505
2018-10-31T18:00:00, Open, 6328.04000000, Close, 6321.12000000, EmaShort, 6328.51347999, EmaLong, 6356.49343398, Cross, +0, Pos, -136.32902671, NAV, -861752.13734685, Cash, 1861764.17485677, Port, 1000012.03750992
2018-10-31T19:00:00, Open, 6321.12000000, Close, 6325.60000000, EmaShort, 6328.06525230, EmaLong, 6355.48053451, Cross, +0, Pos, -136.32902671, NAV, -862362.89138653, Cash, 1861764.17485677, Port, 999401.28347024
2018-10-31T20:00:00, Open, 6325.60000000, Close, 6324.91000000, EmaShort, 6327.57982887, EmaLong, 6354.47822190, Cross, +0, Pos, -136.32902671, NAV, -862268.82435810, Cash, 1861764.17485677, Port, 999495.35049867
2018-10-31T21:00:00, Open, 6324.91000000, Close, 6326.25000000, EmaShort, 6327.37523981, EmaLong, 6353.55270643, Cross, +0, Pos, -136.32902671, NAV, -862451.50525389, Cash, 1861764.17485677, Port, 999312.66960287
2018-10-31T22:00:00, Open, 6326.25000000, Close, 6324.07000000, EmaShort, 6326.86674138, EmaLong, 6352.58606032, Cross, +0, Pos, -136.32902671, NAV, -862154.30797566, Cash, 1861764.17485677, Port, 999609.86688111
2018-10-31T23:00:00, Open, 6324.07000000, Close, 6328.05000000, EmaShort, 6327.04878117, EmaLong, 6351.78159932, Cross, +0, Pos, -136.32902671, NAV, -862696.89750198, Cash, 1861764.17485677, Port, 999067.27735479
2018-11-01T00:00:00, Open, 6328.05000000, Close, 6318.12000000, EmaShort, 6325.67512253, EmaLong, 6350.67794033, Cross, +0, Pos, -136.32902671, NAV, -861343.15026670, Cash, 1861764.17485677, Port, 1000421.02459006
